d,h,od,dit,prd
4,6,PontNeuilly-StGermainLay,20.0,0
4,6,PtAuteuil-StGermainLay,24.8,0
4,6,PtAuteuil-Versailles-Cht,25.5,0
4,6,PtChatillon-Versailles-Cht,29.5,0
4,6,StGermainLay-PontNeuilly,20.0,0
4,6,StGermainLay-PtAuteuil,36.2,0
4,6,Versailles-Cht-PtAuteuil,27.5,0
4,6,Versailles-Cht-PtChatillon,32.5,0
4,7,PontNeuilly-StGermainLay,27.8,0
4,7,PtAuteuil-StGermainLay,34.2,0
4,7,PtAuteuil-Versailles-Cht,33.5,0
4,7,PtChatillon-Versailles-Cht,38.5,0
4,7,StGermainLay-PontNeuilly,34.8,0
4,7,StGermainLay-PtAuteuil,58.5,0
4,7,Versailles-Cht-PtAuteuil,40.0,0
4,7,Versailles-Cht-PtChatillon,57.8,0
4,8,PontNeuilly-StGermainLay,33.8,0
4,8,PtAuteuil-StGermainLay,44.0,0
4,8,PtAuteuil-Versailles-Cht,39.0,0
4,8,PtChatillon-Versailles-Cht,43.0,0
4,8,StGermainLay-PontNeuilly,38.2,0
4,8,StGermainLay-PtAuteuil,61.2,0
4,8,Versailles-Cht-PtAuteuil,48.5,0
4,8,Versailles-Cht-PtChatillon,65.5,0
4,9,PontNeuilly-StGermainLay,29.2,0
4,9,PtAuteuil-StGermainLay,38.0,0
4,9,PtAuteuil-Versailles-Cht,34.8,0
4,9,PtChatillon-Versailles-Cht,38.2,0
4,9,StGermainLay-PontNeuilly,29.8,0
4,9,StGermainLay-PtAuteuil,50.5,0
4,9,Versailles-Cht-PtAuteuil,41.2,0
4,9,Versailles-Cht-PtChatillon,52.2,0
4,10,PontNeuilly-StGermainLay,24.0,1
4,10,PtAuteuil-StGermainLay,31.2,1
4,10,PtAuteuil-Versailles-Cht,33.0,1
4,10,PtChatillon-Versailles-Cht,36.0,1
4,10,StGermainLay-PontNeuilly,21.0,1
4,10,StGermainLay-PtAuteuil,39.8,1
4,10,Versailles-Cht-PtAuteuil,37.5,1
4,10,Versailles-Cht-PtChatillon,43.5,1
4,11,PontNeuilly-StGermainLay,23.0,1
4,11,PtAuteuil-StGermainLay,34.0,1
4,11,PtAuteuil-Versailles-Cht,32.8,1
4,11,PtChatillon-Versailles-Cht,35.5,1
4,11,StGermainLay-PontNeuilly,20.0,1
4,11,StGermainLay-PtAuteuil,38.0,1
4,11,Versailles-Cht-PtAuteuil,35.0,1
4,11,Versailles-Cht-PtChatillon,43.2,1
4,12,PontNeuilly-StGermainLay,22.8,1
4,12,PtAuteuil-StGermainLay,34.5,1
4,12,PtAuteuil-Versailles-Cht,32.0,1
4,12,PtChatillon-Versailles-Cht,35.2,1
4,12,StGermainLay-PontNeuilly,19.5,1
4,12,StGermainLay-PtAuteuil,36.2,1
4,12,Versailles-Cht-PtAuteuil,32.8,1
4,12,Versailles-Cht-PtChatillon,41.2,1
4,13,PontNeuilly-StGermainLay,22.5,1
4,13,PtAuteuil-StGermainLay,34.8,1
4,13,PtAuteuil-Versailles-Cht,33.0,1
4,13,PtChatillon-Versailles-Cht,37.0,1
4,13,StGermainLay-PontNeuilly,18.8,1
4,13,StGermainLay-PtAuteuil,34.8,1
4,13,Versailles-Cht-PtAuteuil,30.5,1
4,13,Versailles-Cht-PtChatillon,39.2,1
4,14,PontNeuilly-StGermainLay,23.5,1
4,14,PtAuteuil-StGermainLay,35.8,1
4,14,PtAuteuil-Versailles-Cht,32.8,1
4,14,PtChatillon-Versailles-Cht,37.0,1
4,14,StGermainLay-PontNeuilly,18.8,1
4,14,StGermainLay-PtAuteuil,33.0,1
4,14,Versailles-Cht-PtAuteuil,30.0,1
4,14,Versailles-Cht-PtChatillon,40.2,1
4,15,PontNeuilly-StGermainLay,24.8,1
4,15,PtAuteuil-StGermainLay,39.2,1
4,15,PtAuteuil-Versailles-Cht,36.5,1
4,15,PtChatillon-Versailles-Cht,41.2,1
4,15,StGermainLay-PontNeuilly,18.8,1
4,15,StGermainLay-PtAuteuil,32.5,1
4,15,Versailles-Cht-PtAuteuil,30.8,1
4,15,Versailles-Cht-PtChatillon,43.8,1
4,16,PontNeuilly-StGermainLay,31.8,2
4,16,PtAuteuil-StGermainLay,45.2,2
4,16,PtAuteuil-Versailles-Cht,41.0,2
4,16,PtChatillon-Versailles-Cht,43.2,2
4,16,StGermainLay-PontNeuilly,19.5,2
4,16,StGermainLay-PtAuteuil,36.0,2
4,16,Versailles-Cht-PtAuteuil,32.0,2
4,16,Versailles-Cht-PtChatillon,52.8,2
4,17,PontNeuilly-StGermainLay,38.5,2
4,17,PtAuteuil-StGermainLay,57.0,2
4,17,PtAuteuil-Versailles-Cht,46.0,2
4,17,PtChatillon-Versailles-Cht,47.2,2
4,17,StGermainLay-PontNeuilly,20.0,2
4,17,StGermainLay-PtAuteuil,37.8,2
4,17,Versailles-Cht-PtAuteuil,34.2,2
4,17,Versailles-Cht-PtChatillon,57.5,2
4,18,PontNeuilly-StGermainLay,40.8,2
4,18,PtAuteuil-StGermainLay,56.5,2
4,18,PtAuteuil-Versailles-Cht,49.2,2
4,18,PtChatillon-Versailles-Cht,52.0,2
4,18,StGermainLay-PontNeuilly,20.0,2
4,18,StGermainLay-PtAuteuil,42.8,2
4,18,Versailles-Cht-PtAuteuil,35.8,2
4,18,Versailles-Cht-PtChatillon,54.8,2
4,19,PontNeuilly-StGermainLay,39.5,2
4,19,PtAuteuil-StGermainLay,49.5,2
4,19,PtAuteuil-Versailles-Cht,44.0,2
4,19,PtChatillon-Versailles-Cht,43.2,2
4,19,StGermainLay-PontNeuilly,18.5,2
4,19,StGermainLay-PtAuteuil,37.8,2
4,19,Versailles-Cht-PtAuteuil,30.8,2
4,19,Versailles-Cht-PtChatillon,44.0,2
4,20,PontNeuilly-StGermainLay,23.8,-1
4,20,PtAuteuil-StGermainLay,30.8,-1
4,20,PtAuteuil-Versailles-Cht,31.5,-1
4,20,PtChatillon-Versailles-Cht,33.8,-1
4,20,StGermainLay-PontNeuilly,17.5,-1
4,20,StGermainLay-PtAuteuil,31.2,-1
4,20,Versailles-Cht-PtAuteuil,27.0,-1
4,20,Versailles-Cht-PtChatillon,33.2,-1
4,21,PontNeuilly-StGermainLay,19.5,-1
4,21,PtAuteuil-StGermainLay,26.5,-1
4,21,PtAuteuil-Versailles-Cht,27.2,-1
4,21,PtChatillon-Versailles-Cht,30.5,-1
4,21,StGermainLay-PontNeuilly,17.5,-1
4,21,StGermainLay-PtAuteuil,29.5,-1
4,21,Versailles-Cht-PtAuteuil,25.2,-1
4,21,Versailles-Cht-PtChatillon,30.5,-1
5,6,PontNeuilly-StGermainLay,19.8,0
5,6,PtAuteuil-StGermainLay,26.0,0
5,6,PtAuteuil-Versailles-Cht,26.5,0
5,6,PtChatillon-Versailles-Cht,31.0,0
5,6,StGermainLay-PontNeuilly,19.0,0
5,6,StGermainLay-PtAuteuil,35.8,0
5,6,Versailles-Cht-PtAuteuil,27.2,0
5,6,Versailles-Cht-PtChatillon,32.8,0
5,7,PontNeuilly-StGermainLay,25.2,0
5,7,PtAuteuil-StGermainLay,31.8,0
5,7,PtAuteuil-Versailles-Cht,30.8,0
5,7,PtChatillon-Versailles-Cht,36.5,0
5,7,StGermainLay-PontNeuilly,29.8,0
5,7,StGermainLay-PtAuteuil,51.8,0
5,7,Versailles-Cht-PtAuteuil,37.5,0
5,7,Versailles-Cht-PtChatillon,49.0,0
5,8,PontNeuilly-StGermainLay,28.0,0
5,8,PtAuteuil-StGermainLay,42.8,0
5,8,PtAuteuil-Versailles-Cht,40.8,0
5,8,PtChatillon-Versailles-Cht,53.0,0
5,8,StGermainLay-PontNeuilly,34.8,0
5,8,StGermainLay-PtAuteuil,52.8,0
5,8,Versailles-Cht-PtAuteuil,44.2,0
5,8,Versailles-Cht-PtChatillon,51.5,0
5,9,PontNeuilly-StGermainLay,27.2,0
5,9,PtAuteuil-StGermainLay,42.5,0
5,9,PtAuteuil-Versailles-Cht,41.5,0
5,9,PtChatillon-Versailles-Cht,48.0,0
5,9,StGermainLay-PontNeuilly,29.2,0
5,9,StGermainLay-PtAuteuil,52.2,0
5,9,Versailles-Cht-PtAuteuil,39.8,0
5,9,Versailles-Cht-PtChatillon,54.5,0
5,10,PontNeuilly-StGermainLay,26.8,1
5,10,PtAuteuil-StGermainLay,47.8,1
5,10,PtAuteuil-Versailles-Cht,35.2,1
5,10,PtChatillon-Versailles-Cht,46.2,1
5,10,StGermainLay-PontNeuilly,25.8,1
5,10,StGermainLay-PtAuteuil,50.5,1
5,10,Versailles-Cht-PtAuteuil,38.8,1
5,10,Versailles-Cht-PtChatillon,56.0,1
5,11,PontNeuilly-StGermainLay,27.2,1
5,11,PtAuteuil-StGermainLay,35.0,1
5,11,PtAuteuil-Versailles-Cht,34.8,1
5,11,PtChatillon-Versailles-Cht,39.5,1
5,11,StGermainLay-PontNeuilly,26.2,1
5,11,StGermainLay-PtAuteuil,48.8,1
5,11,Versailles-Cht-PtAuteuil,37.5,1
5,11,Versailles-Cht-PtChatillon,48.5,1
5,12,PontNeuilly-StGermainLay,25.5,1
5,12,PtAuteuil-StGermainLay,38.8,1
5,12,PtAuteuil-Versailles-Cht,35.8,1
5,12,PtChatillon-Versailles-Cht,38.0,1
5,12,StGermainLay-PontNeuilly,19.8,1
5,12,StGermainLay-PtAuteuil,38.2,1
5,12,Versailles-Cht-PtAuteuil,34.2,1
5,12,Versailles-Cht-PtChatillon,44.2,1
5,13,PontNeuilly-StGermainLay,23.5,1
5,13,PtAuteuil-StGermainLay,35.5,1
5,13,PtAuteuil-Versailles-Cht,37.8,1
5,13,PtChatillon-Versailles-Cht,38.2,1
5,13,StGermainLay-PontNeuilly,19.0,1
5,13,StGermainLay-PtAuteuil,34.8,1
5,13,Versailles-Cht-PtAuteuil,32.0,1
5,13,Versailles-Cht-PtChatillon,43.8,1
5,14,PontNeuilly-StGermainLay,24.5,1
5,14,PtAuteuil-StGermainLay,36.2,1
5,14,PtAuteuil-Versailles-Cht,36.0,1
5,14,PtChatillon-Versailles-Cht,38.2,1
5,14,StGermainLay-PontNeuilly,18.8,1
5,14,StGermainLay-PtAuteuil,35.5,1
5,14,Versailles-Cht-PtAuteuil,31.0,1
5,14,Versailles-Cht-PtChatillon,44.8,1
5,15,PontNeuilly-StGermainLay,24.2,1
5,15,PtAuteuil-StGermainLay,37.0,1
5,15,PtAuteuil-Versailles-Cht,37.2,1
5,15,PtChatillon-Versailles-Cht,41.0,1
5,15,StGermainLay-PontNeuilly,19.2,1
5,15,StGermainLay-PtAuteuil,34.5,1
5,15,Versailles-Cht-PtAuteuil,31.2,1
5,15,Versailles-Cht-PtChatillon,45.2,1
5,16,PontNeuilly-StGermainLay,31.8,2
5,16,PtAuteuil-StGermainLay,45.2,2
5,16,PtAuteuil-Versailles-Cht,40.0,2
5,16,PtChatillon-Versailles-Cht,42.2,2
5,16,StGermainLay-PontNeuilly,19.8,2
5,16,StGermainLay-PtAuteuil,35.8,2
5,16,Versailles-Cht-PtAuteuil,32.2,2
5,16,Versailles-Cht-PtChatillon,50.8,2
5,17,PontNeuilly-StGermainLay,38.0,2
5,17,PtAuteuil-StGermainLay,57.0,2
5,17,PtAuteuil-Versailles-Cht,44.0,2
5,17,PtChatillon-Versailles-Cht,47.0,2
5,17,StGermainLay-PontNeuilly,20.8,2
5,17,StGermainLay-PtAuteuil,38.2,2
5,17,Versailles-Cht-PtAuteuil,34.5,2
5,17,Versailles-Cht-PtChatillon,57.5,2
5,18,PontNeuilly-StGermainLay,36.5,2
5,18,PtAuteuil-StGermainLay,53.8,2
5,18,PtAuteuil-Versailles-Cht,47.8,2
5,18,PtChatillon-Versailles-Cht,50.5,2
5,18,StGermainLay-PontNeuilly,20.0,2
5,18,StGermainLay-PtAuteuil,41.2,2
5,18,Versailles-Cht-PtAuteuil,34.8,2
5,18,Versailles-Cht-PtChatillon,54.8,2
5,19,PontNeuilly-StGermainLay,35.0,2
5,19,PtAuteuil-StGermainLay,47.5,2
5,19,PtAuteuil-Versailles-Cht,41.8,2
5,19,PtChatillon-Versailles-Cht,42.0,2
5,19,StGermainLay-PontNeuilly,18.8,2
5,19,StGermainLay-PtAuteuil,35.5,2
5,19,Versailles-Cht-PtAuteuil,31.5,2
5,19,Versailles-Cht-PtChatillon,46.0,2
5,20,PontNeuilly-StGermainLay,23.2,-1
5,20,PtAuteuil-StGermainLay,32.2,-1
5,20,PtAuteuil-Versailles-Cht,32.5,-1
5,20,PtChatillon-Versailles-Cht,33.8,-1
5,20,StGermainLay-PontNeuilly,17.8,-1
5,20,StGermainLay-PtAuteuil,31.8,-1
5,20,Versailles-Cht-PtAuteuil,27.8,-1
5,20,Versailles-Cht-PtChatillon,34.0,-1
5,21,PontNeuilly-StGermainLay,19.2,-1
5,21,PtAuteuil-StGermainLay,26.5,-1
5,21,PtAuteuil-Versailles-Cht,27.5,-1
5,21,PtChatillon-Versailles-Cht,31.0,-1
5,21,StGermainLay-PontNeuilly,17.0,-1
5,21,StGermainLay-PtAuteuil,29.8,-1
5,21,Versailles-Cht-PtAuteuil,25.2,-1
5,21,Versailles-Cht-PtChatillon,31.2,-1
6,6,PontNeuilly-StGermainLay,20.2,0
6,6,PtAuteuil-StGermainLay,30.5,0
6,6,PtAuteuil-Versailles-Cht,27.8,0
6,6,PtChatillon-Versailles-Cht,36.0,0
6,6,StGermainLay-PontNeuilly,21.0,0
6,6,StGermainLay-PtAuteuil,35.5,0
6,6,Versailles-Cht-PtAuteuil,30.0,0
6,6,Versailles-Cht-PtChatillon,35.5,0
6,7,PontNeuilly-StGermainLay,28.5,0
6,7,PtAuteuil-StGermainLay,41.5,0
6,7,PtAuteuil-Versailles-Cht,34.5,0
6,7,PtChatillon-Versailles-Cht,46.8,0
6,7,StGermainLay-PontNeuilly,39.0,0
6,7,StGermainLay-PtAuteuil,62.0,0
6,7,Versailles-Cht-PtAuteuil,43.5,0
6,7,Versailles-Cht-PtChatillon,69.2,0
6,8,PontNeuilly-StGermainLay,34.8,0
6,8,PtAuteuil-StGermainLay,54.5,0
6,8,PtAuteuil-Versailles-Cht,37.8,0
6,8,PtChatillon-Versailles-Cht,61.0,0
6,8,StGermainLay-PontNeuilly,47.0,0
6,8,StGermainLay-PtAuteuil,74.0,0
6,8,Versailles-Cht-PtAuteuil,53.8,0
6,8,Versailles-Cht-PtChatillon,76.5,0
6,9,PontNeuilly-StGermainLay,30.2,0
6,9,PtAuteuil-StGermainLay,45.8,0
6,9,PtAuteuil-Versailles-Cht,35.2,0
6,9,PtChatillon-Versailles-Cht,39.5,0
6,9,StGermainLay-PontNeuilly,39.2,0
6,9,StGermainLay-PtAuteuil,60.8,0
6,9,Versailles-Cht-PtAuteuil,47.2,0
6,9,Versailles-Cht-PtChatillon,52.2,0
6,10,PontNeuilly-StGermainLay,26.0,1
6,10,PtAuteuil-StGermainLay,37.2,1
6,10,PtAuteuil-Versailles-Cht,32.5,1
6,10,PtChatillon-Versailles-Cht,36.2,1
6,10,StGermainLay-PontNeuilly,24.2,1
6,10,StGermainLay-PtAuteuil,45.0,1
6,10,Versailles-Cht-PtAuteuil,41.2,1
6,10,Versailles-Cht-PtChatillon,51.8,1
6,11,PontNeuilly-StGermainLay,24.0,1
6,11,PtAuteuil-StGermainLay,35.0,1
6,11,PtAuteuil-Versailles-Cht,33.5,1
6,11,PtChatillon-Versailles-Cht,37.2,1
6,11,StGermainLay-PontNeuilly,20.8,1
6,11,StGermainLay-PtAuteuil,40.5,1
6,11,Versailles-Cht-PtAuteuil,35.8,1
6,11,Versailles-Cht-PtChatillon,45.2,1
6,12,PontNeuilly-StGermainLay,24.5,1
6,12,PtAuteuil-StGermainLay,35.0,1
6,12,PtAuteuil-Versailles-Cht,33.5,1
6,12,PtChatillon-Versailles-Cht,37.8,1
6,12,StGermainLay-PontNeuilly,18.8,1
6,12,StGermainLay-PtAuteuil,35.5,1
6,12,Versailles-Cht-PtAuteuil,32.5,1
6,12,Versailles-Cht-PtChatillon,41.5,1
6,13,PontNeuilly-StGermainLay,23.0,1
6,13,PtAuteuil-StGermainLay,34.0,1
6,13,PtAuteuil-Versailles-Cht,33.0,1
6,13,PtChatillon-Versailles-Cht,38.0,1
6,13,StGermainLay-PontNeuilly,19.0,1
6,13,StGermainLay-PtAuteuil,34.5,1
6,13,Versailles-Cht-PtAuteuil,31.0,1
6,13,Versailles-Cht-PtChatillon,43.5,1
6,14,PontNeuilly-StGermainLay,23.2,1
6,14,PtAuteuil-StGermainLay,34.8,1
6,14,PtAuteuil-Versailles-Cht,35.5,1
6,14,PtChatillon-Versailles-Cht,39.5,1
6,14,StGermainLay-PontNeuilly,18.8,1
6,14,StGermainLay-PtAuteuil,34.8,1
6,14,Versailles-Cht-PtAuteuil,30.5,1
6,14,Versailles-Cht-PtChatillon,43.5,1
6,15,PontNeuilly-StGermainLay,25.2,1
6,15,PtAuteuil-StGermainLay,37.5,1
6,15,PtAuteuil-Versailles-Cht,38.0,1
6,15,PtChatillon-Versailles-Cht,38.8,1
6,15,StGermainLay-PontNeuilly,19.0,1
6,15,StGermainLay-PtAuteuil,34.0,1
6,15,Versailles-Cht-PtAuteuil,31.2,1
6,15,Versailles-Cht-PtChatillon,46.5,1
6,16,PontNeuilly-StGermainLay,31.5,2
6,16,PtAuteuil-StGermainLay,47.5,2
6,16,PtAuteuil-Versailles-Cht,41.2,2
6,16,PtChatillon-Versailles-Cht,46.5,2
6,16,StGermainLay-PontNeuilly,19.8,2
6,16,StGermainLay-PtAuteuil,37.5,2
6,16,Versailles-Cht-PtAuteuil,32.2,2
6,16,Versailles-Cht-PtChatillon,54.2,2
6,17,PontNeuilly-StGermainLay,40.5,2
6,17,PtAuteuil-StGermainLay,57.8,2
6,17,PtAuteuil-Versailles-Cht,48.5,2
6,17,PtChatillon-Versailles-Cht,54.8,2
6,17,StGermainLay-PontNeuilly,20.8,2
6,17,StGermainLay-PtAuteuil,40.0,2
6,17,Versailles-Cht-PtAuteuil,37.5,2
6,17,Versailles-Cht-PtChatillon,56.2,2
6,18,PontNeuilly-StGermainLay,36.2,2
6,18,PtAuteuil-StGermainLay,53.0,2
6,18,PtAuteuil-Versailles-Cht,41.0,2
6,18,PtChatillon-Versailles-Cht,47.8,2
6,18,StGermainLay-PontNeuilly,20.5,2
6,18,StGermainLay-PtAuteuil,42.5,2
6,18,Versailles-Cht-PtAuteuil,36.0,2
6,18,Versailles-Cht-PtChatillon,54.0,2
6,19,PontNeuilly-StGermainLay,29.2,2
6,19,PtAuteuil-StGermainLay,54.5,2
6,19,PtAuteuil-Versailles-Cht,42.8,2
6,19,PtChatillon-Versailles-Cht,46.8,2
6,19,StGermainLay-PontNeuilly,19.5,2
6,19,StGermainLay-PtAuteuil,43.0,2
6,19,Versailles-Cht-PtAuteuil,35.2,2
6,19,Versailles-Cht-PtChatillon,47.0,2
6,20,PontNeuilly-StGermainLay,22.0,-1
6,20,PtAuteuil-StGermainLay,47.5,-1
6,20,PtAuteuil-Versailles-Cht,35.0,-1
6,20,PtChatillon-Versailles-Cht,38.2,-1
6,20,StGermainLay-PontNeuilly,18.0,-1
6,20,StGermainLay-PtAuteuil,37.2,-1
6,20,Versailles-Cht-PtAuteuil,30.0,-1
6,20,Versailles-Cht-PtChatillon,35.8,-1
6,21,PontNeuilly-StGermainLay,19.5,-1
6,21,PtAuteuil-StGermainLay,36.2,-1
6,21,PtAuteuil-Versailles-Cht,28.8,-1
6,21,PtChatillon-Versailles-Cht,36.0,-1
6,21,StGermainLay-PontNeuilly,18.0,-1
6,21,StGermainLay-PtAuteuil,33.0,-1
6,21,Versailles-Cht-PtAuteuil,27.8,-1
6,21,Versailles-Cht-PtChatillon,32.8,-1
7,6,PontNeuilly-StGermainLay,19.8,0
7,6,PtAuteuil-StGermainLay,25.8,0
7,6,PtAuteuil-Versailles-Cht,27.2,0
7,6,PtChatillon-Versailles-Cht,30.5,0
7,6,StGermainLay-PontNeuilly,18.2,0
7,6,StGermainLay-PtAuteuil,34.5,0
7,6,Versailles-Cht-PtAuteuil,27.0,0
7,6,Versailles-Cht-PtChatillon,33.0,0
7,7,PontNeuilly-StGermainLay,24.8,0
7,7,PtAuteuil-StGermainLay,30.8,0
7,7,PtAuteuil-Versailles-Cht,32.2,0
7,7,PtChatillon-Versailles-Cht,35.8,0
7,7,StGermainLay-PontNeuilly,22.0,0
7,7,StGermainLay-PtAuteuil,42.2,0
7,7,Versailles-Cht-PtAuteuil,34.0,0
7,7,Versailles-Cht-PtChatillon,45.0,0
7,8,PontNeuilly-StGermainLay,27.5,0
7,8,PtAuteuil-StGermainLay,36.2,0
7,8,PtAuteuil-Versailles-Cht,36.8,0
7,8,PtChatillon-Versailles-Cht,40.2,0
7,8,StGermainLay-PontNeuilly,22.5,0
7,8,StGermainLay-PtAuteuil,41.0,0
7,8,Versailles-Cht-PtAuteuil,37.5,0
7,8,Versailles-Cht-PtChatillon,46.2,0
7,9,PontNeuilly-StGermainLay,24.5,0
7,9,PtAuteuil-StGermainLay,34.0,0
7,9,PtAuteuil-Versailles-Cht,34.8,0
7,9,PtChatillon-Versailles-Cht,38.5,0
7,9,StGermainLay-PontNeuilly,20.2,0
7,9,StGermainLay-PtAuteuil,37.2,0
7,9,Versailles-Cht-PtAuteuil,33.2,0
7,9,Versailles-Cht-PtChatillon,40.5,0
7,10,PontNeuilly-StGermainLay,22.0,1
7,10,PtAuteuil-StGermainLay,33.8,1
7,10,PtAuteuil-Versailles-Cht,32.2,1
7,10,PtChatillon-Versailles-Cht,35.5,1
7,10,StGermainLay-PontNeuilly,19.2,1
7,10,StGermainLay-PtAuteuil,34.2,1
7,10,Versailles-Cht-PtAuteuil,32.5,1
7,10,Versailles-Cht-PtChatillon,43.8,1
7,11,PontNeuilly-StGermainLay,24.0,1
7,11,PtAuteuil-StGermainLay,36.5,1
7,11,PtAuteuil-Versailles-Cht,33.5,1
7,11,PtChatillon-Versailles-Cht,37.2,1
7,11,StGermainLay-PontNeuilly,20.8,1
7,11,StGermainLay-PtAuteuil,38.5,1
7,11,Versailles-Cht-PtAuteuil,31.2,1
7,11,Versailles-Cht-PtChatillon,44.8,1
7,12,PontNeuilly-StGermainLay,25.2,1
7,12,PtAuteuil-StGermainLay,36.5,1
7,12,PtAuteuil-Versailles-Cht,35.8,1
7,12,PtChatillon-Versailles-Cht,34.8,1
7,12,StGermainLay-PontNeuilly,20.2,1
7,12,StGermainLay-PtAuteuil,45.8,1
7,12,Versailles-Cht-PtAuteuil,34.0,1
7,12,Versailles-Cht-PtChatillon,44.5,1
7,13,PontNeuilly-StGermainLay,26.5,1
7,13,PtAuteuil-StGermainLay,39.0,1
7,13,PtAuteuil-Versailles-Cht,36.5,1
7,13,PtChatillon-Versailles-Cht,39.5,1
7,13,StGermainLay-PontNeuilly,18.8,1
7,13,StGermainLay-PtAuteuil,42.5,1
7,13,Versailles-Cht-PtAuteuil,33.8,1
7,13,Versailles-Cht-PtChatillon,51.8,1
7,14,PontNeuilly-StGermainLay,29.5,1
7,14,PtAuteuil-StGermainLay,39.0,1
7,14,PtAuteuil-Versailles-Cht,41.2,1
7,14,PtChatillon-Versailles-Cht,44.5,1
7,14,StGermainLay-PontNeuilly,19.5,1
7,14,StGermainLay-PtAuteuil,45.0,1
7,14,Versailles-Cht-PtAuteuil,35.5,1
7,14,Versailles-Cht-PtChatillon,57.2,1
7,15,PontNeuilly-StGermainLay,31.0,1
7,15,PtAuteuil-StGermainLay,48.5,1
7,15,PtAuteuil-Versailles-Cht,40.5,1
7,15,PtChatillon-Versailles-Cht,43.0,1
7,15,StGermainLay-PontNeuilly,19.2,1
7,15,StGermainLay-PtAuteuil,42.0,1
7,15,Versailles-Cht-PtAuteuil,36.0,1
7,15,Versailles-Cht-PtChatillon,55.8,1
7,16,PontNeuilly-StGermainLay,35.0,2
7,16,PtAuteuil-StGermainLay,52.0,2
7,16,PtAuteuil-Versailles-Cht,48.2,2
7,16,PtChatillon-Versailles-Cht,51.2,2
7,16,StGermainLay-PontNeuilly,20.0,2
7,16,StGermainLay-PtAuteuil,41.8,2
7,16,Versailles-Cht-PtAuteuil,34.5,2
7,16,Versailles-Cht-PtChatillon,60.0,2
7,17,PontNeuilly-StGermainLay,42.2,2
7,17,PtAuteuil-StGermainLay,63.5,2
7,17,PtAuteuil-Versailles-Cht,51.0,2
7,17,PtChatillon-Versailles-Cht,63.2,2
7,17,StGermainLay-PontNeuilly,20.2,2
7,17,StGermainLay-PtAuteuil,41.0,2
7,17,Versailles-Cht-PtAuteuil,38.8,2
7,17,Versailles-Cht-PtChatillon,60.0,2
7,18,PontNeuilly-StGermainLay,38.2,2
7,18,PtAuteuil-StGermainLay,63.2,2
7,18,PtAuteuil-Versailles-Cht,46.5,2
7,18,PtChatillon-Versailles-Cht,53.5,2
7,18,StGermainLay-PontNeuilly,21.0,2
7,18,StGermainLay-PtAuteuil,43.0,2
7,18,Versailles-Cht-PtAuteuil,40.0,2
7,18,Versailles-Cht-PtChatillon,62.2,2
7,19,PontNeuilly-StGermainLay,30.2,2
7,19,PtAuteuil-StGermainLay,52.8,2
7,19,PtAuteuil-Versailles-Cht,46.0,2
7,19,PtChatillon-Versailles-Cht,52.5,2
7,19,StGermainLay-PontNeuilly,20.2,2
7,19,StGermainLay-PtAuteuil,42.0,2
7,19,Versailles-Cht-PtAuteuil,37.5,2
7,19,Versailles-Cht-PtChatillon,51.0,2
7,20,PontNeuilly-StGermainLay,24.0,-1
7,20,PtAuteuil-StGermainLay,43.0,-1
7,20,PtAuteuil-Versailles-Cht,38.0,-1
7,20,PtChatillon-Versailles-Cht,40.2,-1
7,20,StGermainLay-PontNeuilly,19.5,-1
7,20,StGermainLay-PtAuteuil,37.5,-1
7,20,Versailles-Cht-PtAuteuil,34.0,-1
7,20,Versailles-Cht-PtChatillon,42.8,-1
7,21,PontNeuilly-StGermainLay,20.2,-1
7,21,PtAuteuil-StGermainLay,31.8,-1
7,21,PtAuteuil-Versailles-Cht,30.0,-1
7,21,PtChatillon-Versailles-Cht,33.5,-1
7,21,StGermainLay-PontNeuilly,18.0,-1
7,21,StGermainLay-PtAuteuil,31.0,-1
7,21,Versailles-Cht-PtAuteuil,27.8,-1
7,21,Versailles-Cht-PtChatillon,31.0,-1
8,6,PontNeuilly-StGermainLay,18.8,0
8,6,PtAuteuil-StGermainLay,29.5,0
8,6,PtAuteuil-Versailles-Cht,24.5,0
8,6,PtChatillon-Versailles-Cht,30.5,0
8,6,StGermainLay-PontNeuilly,16.0,0
8,6,StGermainLay-PtAuteuil,30.0,0
8,6,Versailles-Cht-PtAuteuil,25.0,0
8,6,Versailles-Cht-PtChatillon,27.8,0
8,7,PontNeuilly-StGermainLay,19.0,0
8,7,PtAuteuil-StGermainLay,29.2,0
8,7,PtAuteuil-Versailles-Cht,26.5,0
8,7,PtChatillon-Versailles-Cht,30.5,0
8,7,StGermainLay-PontNeuilly,16.5,0
8,7,StGermainLay-PtAuteuil,27.2,0
8,7,Versailles-Cht-PtAuteuil,22.2,0
8,7,Versailles-Cht-PtChatillon,25.0,0
8,8,PontNeuilly-StGermainLay,20.0,0
8,8,PtAuteuil-StGermainLay,27.2,0
8,8,PtAuteuil-Versailles-Cht,27.8,0
8,8,PtChatillon-Versailles-Cht,31.0,0
8,8,StGermainLay-PontNeuilly,17.2,0
8,8,StGermainLay-PtAuteuil,29.5,0
8,8,Versailles-Cht-PtAuteuil,25.5,0
8,8,Versailles-Cht-PtChatillon,31.2,0
8,9,PontNeuilly-StGermainLay,21.8,0
8,9,PtAuteuil-StGermainLay,30.0,0
8,9,PtAuteuil-Versailles-Cht,31.2,0
8,9,PtChatillon-Versailles-Cht,33.8,0
8,9,StGermainLay-PontNeuilly,18.2,0
8,9,StGermainLay-PtAuteuil,32.0,0
8,9,Versailles-Cht-PtAuteuil,27.8,0
8,9,Versailles-Cht-PtChatillon,35.2,0
8,10,PontNeuilly-StGermainLay,22.5,1
8,10,PtAuteuil-StGermainLay,35.0,1
8,10,PtAuteuil-Versailles-Cht,34.8,1
8,10,PtChatillon-Versailles-Cht,39.5,1
8,10,StGermainLay-PontNeuilly,19.0,1
8,10,StGermainLay-PtAuteuil,33.0,1
8,10,Versailles-Cht-PtAuteuil,31.0,1
8,10,Versailles-Cht-PtChatillon,41.2,1
8,11,PontNeuilly-StGermainLay,23.5,1
8,11,PtAuteuil-StGermainLay,36.2,1
8,11,PtAuteuil-Versailles-Cht,35.5,1
8,11,PtChatillon-Versailles-Cht,44.8,1
8,11,StGermainLay-PontNeuilly,20.0,1
8,11,StGermainLay-PtAuteuil,34.8,1
8,11,Versailles-Cht-PtAuteuil,33.2,1
8,11,Versailles-Cht-PtChatillon,45.5,1
8,12,PontNeuilly-StGermainLay,25.2,1
8,12,PtAuteuil-StGermainLay,39.8,1
8,12,PtAuteuil-Versailles-Cht,37.0,1
8,12,PtChatillon-Versailles-Cht,42.0,1
8,12,StGermainLay-PontNeuilly,20.0,1
8,12,StGermainLay-PtAuteuil,36.2,1
8,12,Versailles-Cht-PtAuteuil,34.0,1
8,12,Versailles-Cht-PtChatillon,45.2,1
8,13,PontNeuilly-StGermainLay,24.5,1
8,13,PtAuteuil-StGermainLay,38.5,1
8,13,PtAuteuil-Versailles-Cht,36.0,1
8,13,PtChatillon-Versailles-Cht,39.8,1
8,13,StGermainLay-PontNeuilly,18.8,1
8,13,StGermainLay-PtAuteuil,35.2,1
8,13,Versailles-Cht-PtAuteuil,33.0,1
8,13,Versailles-Cht-PtChatillon,41.8,1
8,14,PontNeuilly-StGermainLay,23.5,1
8,14,PtAuteuil-StGermainLay,37.0,1
8,14,PtAuteuil-Versailles-Cht,34.8,1
8,14,PtChatillon-Versailles-Cht,39.0,1
8,14,StGermainLay-PontNeuilly,19.2,1
8,14,StGermainLay-PtAuteuil,35.0,1
8,14,Versailles-Cht-PtAuteuil,31.5,1
8,14,Versailles-Cht-PtChatillon,43.5,1
8,15,PontNeuilly-StGermainLay,23.0,1
8,15,PtAuteuil-StGermainLay,36.0,1
8,15,PtAuteuil-Versailles-Cht,35.5,1
8,15,PtChatillon-Versailles-Cht,39.2,1
8,15,StGermainLay-PontNeuilly,19.8,1
8,15,StGermainLay-PtAuteuil,34.0,1
8,15,Versailles-Cht-PtAuteuil,31.8,1
8,15,Versailles-Cht-PtChatillon,44.0,1
8,16,PontNeuilly-StGermainLay,23.2,2
8,16,PtAuteuil-StGermainLay,35.8,2
8,16,PtAuteuil-Versailles-Cht,34.5,2
8,16,PtChatillon-Versailles-Cht,38.0,2
8,16,StGermainLay-PontNeuilly,20.0,2
8,16,StGermainLay-PtAuteuil,34.2,2
8,16,Versailles-Cht-PtAuteuil,33.0,2
8,16,Versailles-Cht-PtChatillon,41.8,2
8,17,PontNeuilly-StGermainLay,23.2,2
8,17,PtAuteuil-StGermainLay,36.8,2
8,17,PtAuteuil-Versailles-Cht,34.8,2
8,17,PtChatillon-Versailles-Cht,38.8,2
8,17,StGermainLay-PontNeuilly,21.0,2
8,17,StGermainLay-PtAuteuil,40.0,2
8,17,Versailles-Cht-PtAuteuil,36.0,2
8,17,Versailles-Cht-PtChatillon,45.0,2
8,18,PontNeuilly-StGermainLay,23.2,2
8,18,PtAuteuil-StGermainLay,36.8,2
8,18,PtAuteuil-Versailles-Cht,34.5,2
8,18,PtChatillon-Versailles-Cht,39.0,2
8,18,StGermainLay-PontNeuilly,21.8,2
8,18,StGermainLay-PtAuteuil,38.8,2
8,18,Versailles-Cht-PtAuteuil,37.5,2
8,18,Versailles-Cht-PtChatillon,48.8,2
8,19,PontNeuilly-StGermainLay,25.2,2
8,19,PtAuteuil-StGermainLay,34.8,2
8,19,PtAuteuil-Versailles-Cht,33.5,2
8,19,PtChatillon-Versailles-Cht,38.0,2
8,19,StGermainLay-PontNeuilly,22.2,2
8,19,StGermainLay-PtAuteuil,42.2,2
8,19,Versailles-Cht-PtAuteuil,34.2,2
8,19,Versailles-Cht-PtChatillon,44.8,2
8,20,PontNeuilly-StGermainLay,21.2,-1
8,20,PtAuteuil-StGermainLay,31.5,-1
8,20,PtAuteuil-Versailles-Cht,31.5,-1
8,20,PtChatillon-Versailles-Cht,34.8,-1
8,20,StGermainLay-PontNeuilly,18.5,-1
8,20,StGermainLay-PtAuteuil,34.0,-1
8,20,Versailles-Cht-PtAuteuil,30.5,-1
8,20,Versailles-Cht-PtChatillon,37.0,-1
8,21,PontNeuilly-StGermainLay,20.0,-1
8,21,PtAuteuil-StGermainLay,27.8,-1
8,21,PtAuteuil-Versailles-Cht,29.2,-1
8,21,PtChatillon-Versailles-Cht,32.5,-1
8,21,StGermainLay-PontNeuilly,18.0,-1
8,21,StGermainLay-PtAuteuil,31.2,-1
8,21,Versailles-Cht-PtAuteuil,27.5,-1
8,21,Versailles-Cht-PtChatillon,33.5,-1
9,6,PontNeuilly-StGermainLay,18.8,0
9,6,PtAuteuil-StGermainLay,24.2,0
9,6,PtAuteuil-Versailles-Cht,24.2,0
9,6,PtChatillon-Versailles-Cht,26.5,0
9,6,StGermainLay-PontNeuilly,16.0,0
9,6,StGermainLay-PtAuteuil,23.5,0
9,6,Versailles-Cht-PtAuteuil,19.2,0
9,6,Versailles-Cht-PtChatillon,23.0,0
9,7,PontNeuilly-StGermainLay,19.0,0
9,7,PtAuteuil-StGermainLay,24.8,0
9,7,PtAuteuil-Versailles-Cht,24.2,0
9,7,PtChatillon-Versailles-Cht,27.2,0
9,7,StGermainLay-PontNeuilly,16.0,0
9,7,StGermainLay-PtAuteuil,23.8,0
9,7,Versailles-Cht-PtAuteuil,19.5,0
9,7,Versailles-Cht-PtChatillon,23.5,0
9,8,PontNeuilly-StGermainLay,19.5,0
9,8,PtAuteuil-StGermainLay,25.5,0
9,8,PtAuteuil-Versailles-Cht,25.8,0
9,8,PtChatillon-Versailles-Cht,28.5,0
9,8,StGermainLay-PontNeuilly,16.5,0
9,8,StGermainLay-PtAuteuil,25.2,0
9,8,Versailles-Cht-PtAuteuil,20.2,0
9,8,Versailles-Cht-PtChatillon,24.0,0
9,9,PontNeuilly-StGermainLay,20.8,0
9,9,PtAuteuil-StGermainLay,26.5,0
9,9,PtAuteuil-Versailles-Cht,28.0,0
9,9,PtChatillon-Versailles-Cht,30.5,0
9,9,StGermainLay-PontNeuilly,17.0,0
9,9,StGermainLay-PtAuteuil,28.8,0
9,9,Versailles-Cht-PtAuteuil,26.0,0
9,9,Versailles-Cht-PtChatillon,31.2,0
9,10,PontNeuilly-StGermainLay,21.0,1
9,10,PtAuteuil-StGermainLay,28.0,1
9,10,PtAuteuil-Versailles-Cht,30.8,1
9,10,PtChatillon-Versailles-Cht,33.5,1
9,10,StGermainLay-PontNeuilly,18.0,1
9,10,StGermainLay-PtAuteuil,31.0,1
9,10,Versailles-Cht-PtAuteuil,27.2,1
9,10,Versailles-Cht-PtChatillon,34.8,1
9,11,PontNeuilly-StGermainLay,21.5,1
9,11,PtAuteuil-StGermainLay,35.0,1
9,11,PtAuteuil-Versailles-Cht,35.0,1
9,11,PtChatillon-Versailles-Cht,39.0,1
9,11,StGermainLay-PontNeuilly,18.5,1
9,11,StGermainLay-PtAuteuil,34.0,1
9,11,Versailles-Cht-PtAuteuil,30.2,1
9,11,Versailles-Cht-PtChatillon,42.5,1
9,12,PontNeuilly-StGermainLay,23.5,1
9,12,PtAuteuil-StGermainLay,38.2,1
9,12,PtAuteuil-Versailles-Cht,37.2,1
9,12,PtChatillon-Versailles-Cht,38.5,1
9,12,StGermainLay-PontNeuilly,19.5,1
9,12,StGermainLay-PtAuteuil,36.5,1
9,12,Versailles-Cht-PtAuteuil,32.8,1
9,12,Versailles-Cht-PtChatillon,41.2,1
9,13,PontNeuilly-StGermainLay,22.5,1
9,13,PtAuteuil-StGermainLay,32.5,1
9,13,PtAuteuil-Versailles-Cht,33.5,1
9,13,PtChatillon-Versailles-Cht,35.5,1
9,13,StGermainLay-PontNeuilly,18.2,1
9,13,StGermainLay-PtAuteuil,36.2,1
9,13,Versailles-Cht-PtAuteuil,30.5,1
9,13,Versailles-Cht-PtChatillon,35.2,1
9,14,PontNeuilly-StGermainLay,22.2,1
9,14,PtAuteuil-StGermainLay,29.0,1
9,14,PtAuteuil-Versailles-Cht,32.0,1
9,14,PtChatillon-Versailles-Cht,35.2,1
9,14,StGermainLay-PontNeuilly,18.0,1
9,14,StGermainLay-PtAuteuil,38.5,1
9,14,Versailles-Cht-PtAuteuil,31.5,1
9,14,Versailles-Cht-PtChatillon,40.2,1
9,15,PontNeuilly-StGermainLay,24.2,1
9,15,PtAuteuil-StGermainLay,33.0,1
9,15,PtAuteuil-Versailles-Cht,33.8,1
9,15,PtChatillon-Versailles-Cht,41.5,1
9,15,StGermainLay-PontNeuilly,18.8,1
9,15,StGermainLay-PtAuteuil,41.5,1
9,15,Versailles-Cht-PtAuteuil,33.2,1
9,15,Versailles-Cht-PtChatillon,46.8,1
9,16,PontNeuilly-StGermainLay,22.0,2
9,16,PtAuteuil-StGermainLay,31.8,2
9,16,PtAuteuil-Versailles-Cht,33.8,2
9,16,PtChatillon-Versailles-Cht,36.8,2
9,16,StGermainLay-PontNeuilly,21.0,2
9,16,StGermainLay-PtAuteuil,43.2,2
9,16,Versailles-Cht-PtAuteuil,33.2,2
9,16,Versailles-Cht-PtChatillon,48.2,2
9,17,PontNeuilly-StGermainLay,23.0,2
9,17,PtAuteuil-StGermainLay,32.0,2
9,17,PtAuteuil-Versailles-Cht,33.2,2
9,17,PtChatillon-Versailles-Cht,36.2,2
9,17,StGermainLay-PontNeuilly,23.2,2
9,17,StGermainLay-PtAuteuil,43.2,2
9,17,Versailles-Cht-PtAuteuil,37.5,2
9,17,Versailles-Cht-PtChatillon,54.2,2
9,18,PontNeuilly-StGermainLay,23.5,2
9,18,PtAuteuil-StGermainLay,31.5,2
9,18,PtAuteuil-Versailles-Cht,33.8,2
9,18,PtChatillon-Versailles-Cht,37.0,2
9,18,StGermainLay-PontNeuilly,25.0,2
9,18,StGermainLay-PtAuteuil,44.0,2
9,18,Versailles-Cht-PtAuteuil,39.5,2
9,18,Versailles-Cht-PtChatillon,52.8,2
9,19,PontNeuilly-StGermainLay,21.8,2
9,19,PtAuteuil-StGermainLay,30.5,2
9,19,PtAuteuil-Versailles-Cht,32.2,2
9,19,PtChatillon-Versailles-Cht,34.5,2
9,19,StGermainLay-PontNeuilly,21.8,2
9,19,StGermainLay-PtAuteuil,40.5,2
9,19,Versailles-Cht-PtAuteuil,35.2,2
9,19,Versailles-Cht-PtChatillon,45.8,2
9,20,PontNeuilly-StGermainLay,20.2,-1
9,20,PtAuteuil-StGermainLay,29.2,-1
9,20,PtAuteuil-Versailles-Cht,31.0,-1
9,20,PtChatillon-Versailles-Cht,32.2,-1
9,20,StGermainLay-PontNeuilly,19.0,-1
9,20,StGermainLay-PtAuteuil,36.5,-1
9,20,Versailles-Cht-PtAuteuil,29.0,-1
9,20,Versailles-Cht-PtChatillon,35.2,-1
9,21,PontNeuilly-StGermainLay,19.8,-1
9,21,PtAuteuil-StGermainLay,29.0,-1
9,21,PtAuteuil-Versailles-Cht,28.8,-1
9,21,PtChatillon-Versailles-Cht,32.5,-1
9,21,StGermainLay-PontNeuilly,17.5,-1
9,21,StGermainLay-PtAuteuil,31.5,-1
9,21,Versailles-Cht-PtAuteuil,27.2,-1
9,21,Versailles-Cht-PtChatillon,33.0,-1
10,6,PontNeuilly-StGermainLay,20.0,0
10,6,PtAuteuil-StGermainLay,25.5,0
10,6,PtAuteuil-Versailles-Cht,26.8,0
10,6,PtChatillon-Versailles-Cht,30.2,0
10,6,StGermainLay-PontNeuilly,20.2,0
10,6,StGermainLay-PtAuteuil,35.5,0
10,6,Versailles-Cht-PtAuteuil,27.5,0
10,6,Versailles-Cht-PtChatillon,32.8,0
10,7,PontNeuilly-StGermainLay,25.8,0
10,7,PtAuteuil-StGermainLay,32.5,0
10,7,PtAuteuil-Versailles-Cht,32.8,0
10,7,PtChatillon-Versailles-Cht,37.5,0
10,7,StGermainLay-PontNeuilly,30.2,0
10,7,StGermainLay-PtAuteuil,54.0,0
10,7,Versailles-Cht-PtAuteuil,39.2,0
10,7,Versailles-Cht-PtChatillon,58.5,0
10,8,PontNeuilly-StGermainLay,30.5,0
10,8,PtAuteuil-StGermainLay,43.8,0
10,8,PtAuteuil-Versailles-Cht,40.5,0
10,8,PtChatillon-Versailles-Cht,48.2,0
10,8,StGermainLay-PontNeuilly,32.2,0
10,8,StGermainLay-PtAuteuil,55.8,0
10,8,Versailles-Cht-PtAuteuil,44.0,0
10,8,Versailles-Cht-PtChatillon,63.0,0
10,9,PontNeuilly-StGermainLay,26.2,0
10,9,PtAuteuil-StGermainLay,40.2,0
10,9,PtAuteuil-Versailles-Cht,35.5,0
10,9,PtChatillon-Versailles-Cht,43.5,0
10,9,StGermainLay-PontNeuilly,24.2,0
10,9,StGermainLay-PtAuteuil,44.0,0
10,9,Versailles-Cht-PtAuteuil,36.2,0
10,9,Versailles-Cht-PtChatillon,48.8,0
10,10,PontNeuilly-StGermainLay,24.0,1
10,10,PtAuteuil-StGermainLay,31.2,1
10,10,PtAuteuil-Versailles-Cht,31.5,1
10,10,PtChatillon-Versailles-Cht,35.0,1
10,10,StGermainLay-PontNeuilly,19.2,1
10,10,StGermainLay-PtAuteuil,35.8,1
10,10,Versailles-Cht-PtAuteuil,31.5,1
10,10,Versailles-Cht-PtChatillon,41.2,1
10,11,PontNeuilly-StGermainLay,23.2,1
10,11,PtAuteuil-StGermainLay,30.8,1
10,11,PtAuteuil-Versailles-Cht,31.0,1
10,11,PtChatillon-Versailles-Cht,34.8,1
10,11,StGermainLay-PontNeuilly,19.0,1
10,11,StGermainLay-PtAuteuil,34.2,1
10,11,Versailles-Cht-PtAuteuil,30.5,1
10,11,Versailles-Cht-PtChatillon,38.0,1
10,12,PontNeuilly-StGermainLay,22.2,1
10,12,PtAuteuil-StGermainLay,31.5,1
10,12,PtAuteuil-Versailles-Cht,31.2,1
10,12,PtChatillon-Versailles-Cht,35.8,1
10,12,StGermainLay-PontNeuilly,18.5,1
10,12,StGermainLay-PtAuteuil,33.8,1
10,12,Versailles-Cht-PtAuteuil,29.5,1
10,12,Versailles-Cht-PtChatillon,39.0,1
10,13,PontNeuilly-StGermainLay,22.0,1
10,13,PtAuteuil-StGermainLay,32.2,1
10,13,PtAuteuil-Versailles-Cht,31.2,1
10,13,PtChatillon-Versailles-Cht,34.8,1
10,13,StGermainLay-PontNeuilly,19.0,1
10,13,StGermainLay-PtAuteuil,33.5,1
10,13,Versailles-Cht-PtAuteuil,28.2,1
10,13,Versailles-Cht-PtChatillon,36.0,1
10,14,PontNeuilly-StGermainLay,22.0,1
10,14,PtAuteuil-StGermainLay,32.0,1
10,14,PtAuteuil-Versailles-Cht,31.8,1
10,14,PtChatillon-Versailles-Cht,36.5,1
10,14,StGermainLay-PontNeuilly,18.8,1
10,14,StGermainLay-PtAuteuil,33.5,1
10,14,Versailles-Cht-PtAuteuil,30.5,1
10,14,Versailles-Cht-PtChatillon,40.5,1
10,15,PontNeuilly-StGermainLay,23.8,1
10,15,PtAuteuil-StGermainLay,36.2,1
10,15,PtAuteuil-Versailles-Cht,35.8,1
10,15,PtChatillon-Versailles-Cht,39.8,1
10,15,StGermainLay-PontNeuilly,19.0,1
10,15,StGermainLay-PtAuteuil,32.8,1
10,15,Versailles-Cht-PtAuteuil,31.2,1
10,15,Versailles-Cht-PtChatillon,46.0,1
10,16,PontNeuilly-StGermainLay,28.2,2
10,16,PtAuteuil-StGermainLay,44.2,2
10,16,PtAuteuil-Versailles-Cht,38.0,2
10,16,PtChatillon-Versailles-Cht,43.0,2
10,16,StGermainLay-PontNeuilly,19.2,2
10,16,StGermainLay-PtAuteuil,34.0,2
10,16,Versailles-Cht-PtAuteuil,33.8,2
10,16,Versailles-Cht-PtChatillon,50.5,2
10,17,PontNeuilly-StGermainLay,36.0,2
10,17,PtAuteuil-StGermainLay,51.2,2
10,17,PtAuteuil-Versailles-Cht,45.8,2
10,17,PtChatillon-Versailles-Cht,49.0,2
10,17,StGermainLay-PontNeuilly,20.0,2
10,17,StGermainLay-PtAuteuil,35.2,2
10,17,Versailles-Cht-PtAuteuil,34.2,2
10,17,Versailles-Cht-PtChatillon,56.2,2
10,18,PontNeuilly-StGermainLay,39.8,2
10,18,PtAuteuil-StGermainLay,54.0,2
10,18,PtAuteuil-Versailles-Cht,45.5,2
10,18,PtChatillon-Versailles-Cht,48.2,2
10,18,StGermainLay-PontNeuilly,19.8,2
10,18,StGermainLay-PtAuteuil,36.8,2
10,18,Versailles-Cht-PtAuteuil,33.2,2
10,18,Versailles-Cht-PtChatillon,52.5,2
10,19,PontNeuilly-StGermainLay,32.0,2
10,19,PtAuteuil-StGermainLay,42.2,2
10,19,PtAuteuil-Versailles-Cht,39.5,2
10,19,PtChatillon-Versailles-Cht,42.8,2
10,19,StGermainLay-PontNeuilly,18.0,2
10,19,StGermainLay-PtAuteuil,33.0,2
10,19,Versailles-Cht-PtAuteuil,29.2,2
10,19,Versailles-Cht-PtChatillon,42.2,2
10,20,PontNeuilly-StGermainLay,21.5,-1
10,20,PtAuteuil-StGermainLay,29.5,-1
10,20,PtAuteuil-Versailles-Cht,30.2,-1
10,20,PtChatillon-Versailles-Cht,32.2,-1
10,20,StGermainLay-PontNeuilly,18.0,-1
10,20,StGermainLay-PtAuteuil,29.8,-1
10,20,Versailles-Cht-PtAuteuil,26.5,-1
10,20,Versailles-Cht-PtChatillon,30.8,-1
10,21,PontNeuilly-StGermainLay,19.0,-1
10,21,PtAuteuil-StGermainLay,25.5,-1
10,21,PtAuteuil-Versailles-Cht,27.0,-1
10,21,PtChatillon-Versailles-Cht,29.5,-1
10,21,StGermainLay-PontNeuilly,20.2,-1
10,21,StGermainLay-PtAuteuil,31.0,-1
10,21,Versailles-Cht-PtAuteuil,25.2,-1
10,21,Versailles-Cht-PtChatillon,31.0,-1
11,6,PontNeuilly-StGermainLay,20.2,0
11,6,PtAuteuil-StGermainLay,25.8,0
11,6,PtAuteuil-Versailles-Cht,26.8,0
11,6,PtChatillon-Versailles-Cht,30.0,0
11,6,StGermainLay-PontNeuilly,20.8,0
11,6,StGermainLay-PtAuteuil,36.0,0
11,6,Versailles-Cht-PtAuteuil,29.0,0
11,6,Versailles-Cht-PtChatillon,35.5,0
11,7,PontNeuilly-StGermainLay,26.2,0
11,7,PtAuteuil-StGermainLay,33.8,0
11,7,PtAuteuil-Versailles-Cht,34.0,0
11,7,PtChatillon-Versailles-Cht,42.5,0
11,7,StGermainLay-PontNeuilly,32.8,0
11,7,StGermainLay-PtAuteuil,61.8,0
11,7,Versailles-Cht-PtAuteuil,45.5,0
11,7,Versailles-Cht-PtChatillon,64.5,0
11,8,PontNeuilly-StGermainLay,35.3,0
11,8,PtAuteuil-StGermainLay,47.0,0
11,8,PtAuteuil-Versailles-Cht,38.3,0
11,8,PtChatillon-Versailles-Cht,47.7,0
11,8,StGermainLay-PontNeuilly,36.3,0
11,8,StGermainLay-PtAuteuil,62.3,0
11,8,Versailles-Cht-PtAuteuil,53.0,0
11,8,Versailles-Cht-PtChatillon,73.3,0
11,9,PontNeuilly-StGermainLay,27.5,0
11,9,PtAuteuil-StGermainLay,39.0,0
11,9,PtAuteuil-Versailles-Cht,34.0,0
11,9,PtChatillon-Versailles-Cht,41.0,0
11,9,StGermainLay-PontNeuilly,25.0,0
11,9,StGermainLay-PtAuteuil,42.0,0
11,9,Versailles-Cht-PtAuteuil,36.5,0
11,9,Versailles-Cht-PtChatillon,44.0,0
11,10,PontNeuilly-StGermainLay,24.0,1
11,10,PtAuteuil-StGermainLay,30.8,1
11,10,PtAuteuil-Versailles-Cht,32.2,1
11,10,PtChatillon-Versailles-Cht,38.0,1
11,10,StGermainLay-PontNeuilly,21.0,1
11,10,StGermainLay-PtAuteuil,39.0,1
11,10,Versailles-Cht-PtAuteuil,34.8,1
11,10,Versailles-Cht-PtChatillon,43.8,1
11,11,PontNeuilly-StGermainLay,23.2,1
11,11,PtAuteuil-StGermainLay,33.2,1
11,11,PtAuteuil-Versailles-Cht,33.2,1
11,11,PtChatillon-Versailles-Cht,38.0,1
11,11,StGermainLay-PontNeuilly,19.0,1
11,11,StGermainLay-PtAuteuil,36.0,1
11,11,Versailles-Cht-PtAuteuil,32.0,1
11,11,Versailles-Cht-PtChatillon,41.5,1
11,12,PontNeuilly-StGermainLay,23.2,1
11,12,PtAuteuil-StGermainLay,32.8,1
11,12,PtAuteuil-Versailles-Cht,32.8,1
11,12,PtChatillon-Versailles-Cht,38.5,1
11,12,StGermainLay-PontNeuilly,19.2,1
11,12,StGermainLay-PtAuteuil,35.0,1
11,12,Versailles-Cht-PtAuteuil,32.5,1
11,12,Versailles-Cht-PtChatillon,40.0,1
11,13,PontNeuilly-StGermainLay,22.0,1
11,13,PtAuteuil-StGermainLay,34.8,1
11,13,PtAuteuil-Versailles-Cht,33.2,1
11,13,PtChatillon-Versailles-Cht,38.8,1
11,13,StGermainLay-PontNeuilly,18.8,1
11,13,StGermainLay-PtAuteuil,32.5,1
11,13,Versailles-Cht-PtAuteuil,30.2,1
11,13,Versailles-Cht-PtChatillon,40.0,1
11,14,PontNeuilly-StGermainLay,23.5,1
11,14,PtAuteuil-StGermainLay,35.0,1
11,14,PtAuteuil-Versailles-Cht,34.0,1
11,14,PtChatillon-Versailles-Cht,41.0,1
11,14,StGermainLay-PontNeuilly,19.0,1
11,14,StGermainLay-PtAuteuil,33.0,1
11,14,Versailles-Cht-PtAuteuil,30.0,1
11,14,Versailles-Cht-PtChatillon,39.8,1
11,15,PontNeuilly-StGermainLay,24.2,1
11,15,PtAuteuil-StGermainLay,38.2,1
11,15,PtAuteuil-Versailles-Cht,38.0,1
11,15,PtChatillon-Versailles-Cht,43.2,1
11,15,StGermainLay-PontNeuilly,18.8,1
11,15,StGermainLay-PtAuteuil,32.2,1
11,15,Versailles-Cht-PtAuteuil,30.5,1
11,15,Versailles-Cht-PtChatillon,44.8,1
11,16,PontNeuilly-StGermainLay,29.5,2
11,16,PtAuteuil-StGermainLay,45.8,2
11,16,PtAuteuil-Versailles-Cht,39.8,2
11,16,PtChatillon-Versailles-Cht,46.8,2
11,16,StGermainLay-PontNeuilly,19.8,2
11,16,StGermainLay-PtAuteuil,35.2,2
11,16,Versailles-Cht-PtAuteuil,33.2,2
11,16,Versailles-Cht-PtChatillon,56.8,2
11,17,PontNeuilly-StGermainLay,39.8,2
11,17,PtAuteuil-StGermainLay,62.0,2
11,17,PtAuteuil-Versailles-Cht,47.2,2
11,17,PtChatillon-Versailles-Cht,52.0,2
11,17,StGermainLay-PontNeuilly,20.2,2
11,17,StGermainLay-PtAuteuil,37.8,2
11,17,Versailles-Cht-PtAuteuil,36.2,2
11,17,Versailles-Cht-PtChatillon,58.8,2
11,18,PontNeuilly-StGermainLay,39.2,2
11,18,PtAuteuil-StGermainLay,52.0,2
11,18,PtAuteuil-Versailles-Cht,46.8,2
11,18,PtChatillon-Versailles-Cht,55.0,2
11,18,StGermainLay-PontNeuilly,20.5,2
11,18,StGermainLay-PtAuteuil,39.8,2
11,18,Versailles-Cht-PtAuteuil,35.2,2
11,18,Versailles-Cht-PtChatillon,54.5,2
11,19,PontNeuilly-StGermainLay,36.2,2
11,19,PtAuteuil-StGermainLay,46.5,2
11,19,PtAuteuil-Versailles-Cht,42.5,2
11,19,PtChatillon-Versailles-Cht,43.5,2
11,19,StGermainLay-PontNeuilly,18.8,2
11,19,StGermainLay-PtAuteuil,33.2,2
11,19,Versailles-Cht-PtAuteuil,29.5,2
11,19,Versailles-Cht-PtChatillon,40.8,2
11,20,PontNeuilly-StGermainLay,22.2,-1
11,20,PtAuteuil-StGermainLay,29.2,-1
11,20,PtAuteuil-Versailles-Cht,31.0,-1
11,20,PtChatillon-Versailles-Cht,33.8,-1
11,20,StGermainLay-PontNeuilly,18.0,-1
11,20,StGermainLay-PtAuteuil,29.8,-1
11,20,Versailles-Cht-PtAuteuil,26.0,-1
11,20,Versailles-Cht-PtChatillon,31.8,-1
11,21,PontNeuilly-StGermainLay,19.0,-1
11,21,PtAuteuil-StGermainLay,25.8,-1
11,21,PtAuteuil-Versailles-Cht,27.8,-1
11,21,PtChatillon-Versailles-Cht,30.8,-1
11,21,StGermainLay-PontNeuilly,17.0,-1
11,21,StGermainLay-PtAuteuil,28.0,-1
11,21,Versailles-Cht-PtAuteuil,25.2,-1
11,21,Versailles-Cht-PtChatillon,31.8,-1
12,6,PontNeuilly-StGermainLay,25.0,0
12,6,PtAuteuil-StGermainLay,30.5,0
12,6,PtAuteuil-Versailles-Cht,27.2,0
12,6,PtChatillon-Versailles-Cht,31.8,0
12,6,StGermainLay-PontNeuilly,19.0,0
12,6,StGermainLay-PtAuteuil,34.5,0
12,6,Versailles-Cht-PtAuteuil,27.5,0
12,6,Versailles-Cht-PtChatillon,33.8,0
12,7,PontNeuilly-StGermainLay,35.2,0
12,7,PtAuteuil-StGermainLay,38.2,0
12,7,PtAuteuil-Versailles-Cht,33.0,0
12,7,PtChatillon-Versailles-Cht,38.0,0
12,7,StGermainLay-PontNeuilly,30.8,0
12,7,StGermainLay-PtAuteuil,52.5,0
12,7,Versailles-Cht-PtAuteuil,37.5,0
12,7,Versailles-Cht-PtChatillon,53.5,0
12,8,PontNeuilly-StGermainLay,36.5,0
12,8,PtAuteuil-StGermainLay,42.8,0
12,8,PtAuteuil-Versailles-Cht,37.8,0
12,8,PtChatillon-Versailles-Cht,42.8,0
12,8,StGermainLay-PontNeuilly,26.5,0
12,8,StGermainLay-PtAuteuil,47.8,0
12,8,Versailles-Cht-PtAuteuil,40.8,0
12,8,Versailles-Cht-PtChatillon,58.8,0
12,9,PontNeuilly-StGermainLay,29.2,0
12,9,PtAuteuil-StGermainLay,37.5,0
12,9,PtAuteuil-Versailles-Cht,36.0,0
12,9,PtChatillon-Versailles-Cht,40.5,0
12,9,StGermainLay-PontNeuilly,20.2,0
12,9,StGermainLay-PtAuteuil,39.5,0
12,9,Versailles-Cht-PtAuteuil,36.2,0
12,9,Versailles-Cht-PtChatillon,46.8,0
12,10,PontNeuilly-StGermainLay,24.2,1
12,10,PtAuteuil-StGermainLay,33.5,1
12,10,PtAuteuil-Versailles-Cht,33.0,1
12,10,PtChatillon-Versailles-Cht,36.2,1
12,10,StGermainLay-PontNeuilly,19.0,1
12,10,StGermainLay-PtAuteuil,37.0,1
12,10,Versailles-Cht-PtAuteuil,32.8,1
12,10,Versailles-Cht-PtChatillon,41.5,1
12,11,PontNeuilly-StGermainLay,23.8,1
12,11,PtAuteuil-StGermainLay,34.8,1
12,11,PtAuteuil-Versailles-Cht,33.2,1
12,11,PtChatillon-Versailles-Cht,37.5,1
12,11,StGermainLay-PontNeuilly,19.0,1
12,11,StGermainLay-PtAuteuil,36.2,1
12,11,Versailles-Cht-PtAuteuil,31.8,1
12,11,Versailles-Cht-PtChatillon,40.5,1
12,12,PontNeuilly-StGermainLay,24.7,1
12,12,PtAuteuil-StGermainLay,34.7,1
12,12,PtAuteuil-Versailles-Cht,34.7,1
12,12,PtChatillon-Versailles-Cht,39.7,1
12,12,StGermainLay-PontNeuilly,20.0,1
12,12,StGermainLay-PtAuteuil,37.7,1
12,12,Versailles-Cht-PtAuteuil,33.0,1
12,12,Versailles-Cht-PtChatillon,43.0,1
12,13,PontNeuilly-StGermainLay,23.0,1
12,13,PtAuteuil-StGermainLay,34.5,1
12,13,PtAuteuil-Versailles-Cht,33.5,1
12,13,PtChatillon-Versailles-Cht,39.0,1
12,13,StGermainLay-PontNeuilly,19.0,1
12,13,StGermainLay-PtAuteuil,35.5,1
12,13,Versailles-Cht-PtAuteuil,30.0,1
12,13,Versailles-Cht-PtChatillon,43.8,1
12,14,PontNeuilly-StGermainLay,24.0,1
12,14,PtAuteuil-StGermainLay,34.5,1
12,14,PtAuteuil-Versailles-Cht,35.8,1
12,14,PtChatillon-Versailles-Cht,41.0,1
12,14,StGermainLay-PontNeuilly,19.0,1
12,14,StGermainLay-PtAuteuil,35.0,1
12,14,Versailles-Cht-PtAuteuil,29.8,1
12,14,Versailles-Cht-PtChatillon,42.2,1
12,15,PontNeuilly-StGermainLay,25.5,1
12,15,PtAuteuil-StGermainLay,39.2,1
12,15,PtAuteuil-Versailles-Cht,36.8,1
12,15,PtChatillon-Versailles-Cht,42.5,1
12,15,StGermainLay-PontNeuilly,19.2,1
12,15,StGermainLay-PtAuteuil,34.2,1
12,15,Versailles-Cht-PtAuteuil,31.0,1
12,15,Versailles-Cht-PtChatillon,44.0,1
12,16,PontNeuilly-StGermainLay,29.8,2
12,16,PtAuteuil-StGermainLay,48.0,2
12,16,PtAuteuil-Versailles-Cht,37.2,2
12,16,PtChatillon-Versailles-Cht,40.2,2
12,16,StGermainLay-PontNeuilly,20.0,2
12,16,StGermainLay-PtAuteuil,34.2,2
12,16,Versailles-Cht-PtAuteuil,32.5,2
12,16,Versailles-Cht-PtChatillon,52.5,2
12,17,PontNeuilly-StGermainLay,36.5,2
12,17,PtAuteuil-StGermainLay,52.8,2
12,17,PtAuteuil-Versailles-Cht,42.0,2
12,17,PtChatillon-Versailles-Cht,47.2,2
12,17,StGermainLay-PontNeuilly,20.5,2
12,17,StGermainLay-PtAuteuil,36.2,2
12,17,Versailles-Cht-PtAuteuil,35.8,2
12,17,Versailles-Cht-PtChatillon,60.0,2
12,18,PontNeuilly-StGermainLay,35.0,2
12,18,PtAuteuil-StGermainLay,51.2,2
12,18,PtAuteuil-Versailles-Cht,43.8,2
12,18,PtChatillon-Versailles-Cht,45.5,2
12,18,StGermainLay-PontNeuilly,20.2,2
12,18,StGermainLay-PtAuteuil,38.0,2
12,18,Versailles-Cht-PtAuteuil,34.2,2
12,18,Versailles-Cht-PtChatillon,53.0,2
12,19,PontNeuilly-StGermainLay,31.5,2
12,19,PtAuteuil-StGermainLay,41.8,2
12,19,PtAuteuil-Versailles-Cht,38.2,2
12,19,PtChatillon-Versailles-Cht,42.8,2
12,19,StGermainLay-PontNeuilly,19.0,2
12,19,StGermainLay-PtAuteuil,33.8,2
12,19,Versailles-Cht-PtAuteuil,29.2,2
12,19,Versailles-Cht-PtChatillon,45.0,2
12,20,PontNeuilly-StGermainLay,23.0,-1
12,20,PtAuteuil-StGermainLay,28.5,-1
12,20,PtAuteuil-Versailles-Cht,29.8,-1
12,20,PtChatillon-Versailles-Cht,33.0,-1
12,20,StGermainLay-PontNeuilly,18.0,-1
12,20,StGermainLay-PtAuteuil,29.8,-1
12,20,Versailles-Cht-PtAuteuil,26.5,-1
12,20,Versailles-Cht-PtChatillon,33.2,-1
12,21,PontNeuilly-StGermainLay,19.0,-1
12,21,PtAuteuil-StGermainLay,27.5,-1
12,21,PtAuteuil-Versailles-Cht,27.2,-1
12,21,PtChatillon-Versailles-Cht,30.0,-1
12,21,StGermainLay-PontNeuilly,17.5,-1
12,21,StGermainLay-PtAuteuil,29.2,-1
12,21,Versailles-Cht-PtAuteuil,26.0,-1
12,21,Versailles-Cht-PtChatillon,31.0,-1
13,6,PontNeuilly-StGermainLay,20.0,0
13,6,PtAuteuil-StGermainLay,25.5,0
13,6,PtAuteuil-Versailles-Cht,26.8,0
13,6,PtChatillon-Versailles-Cht,29.8,0
13,6,StGermainLay-PontNeuilly,20.2,0
13,6,StGermainLay-PtAuteuil,34.2,0
13,6,Versailles-Cht-PtAuteuil,27.8,0
13,6,Versailles-Cht-PtChatillon,33.8,0
13,7,PontNeuilly-StGermainLay,26.0,0
13,7,PtAuteuil-StGermainLay,34.0,0
13,7,PtAuteuil-Versailles-Cht,33.8,0
13,7,PtChatillon-Versailles-Cht,38.5,0
13,7,StGermainLay-PontNeuilly,28.5,0
13,7,StGermainLay-PtAuteuil,53.5,0
13,7,Versailles-Cht-PtAuteuil,38.8,0
13,7,Versailles-Cht-PtChatillon,55.8,0
13,8,PontNeuilly-StGermainLay,32.0,0
13,8,PtAuteuil-StGermainLay,42.8,0
13,8,PtAuteuil-Versailles-Cht,38.8,0
13,8,PtChatillon-Versailles-Cht,44.5,0
13,8,StGermainLay-PontNeuilly,26.8,0
13,8,StGermainLay-PtAuteuil,51.5,0
13,8,Versailles-Cht-PtAuteuil,44.0,0
13,8,Versailles-Cht-PtChatillon,62.5,0
13,9,PontNeuilly-StGermainLay,28.8,0
13,9,PtAuteuil-StGermainLay,35.5,0
13,9,PtAuteuil-Versailles-Cht,34.8,0
13,9,PtChatillon-Versailles-Cht,39.5,0
13,9,StGermainLay-PontNeuilly,22.8,0
13,9,StGermainLay-PtAuteuil,40.2,0
13,9,Versailles-Cht-PtAuteuil,35.5,0
13,9,Versailles-Cht-PtChatillon,53.5,0
13,10,PontNeuilly-StGermainLay,23.2,1
13,10,PtAuteuil-StGermainLay,29.8,1
13,10,PtAuteuil-Versailles-Cht,32.2,1
13,10,PtChatillon-Versailles-Cht,36.5,1
13,10,StGermainLay-PontNeuilly,19.5,1
13,10,StGermainLay-PtAuteuil,36.8,1
13,10,Versailles-Cht-PtAuteuil,33.5,1
13,10,Versailles-Cht-PtChatillon,43.8,1
13,11,PontNeuilly-StGermainLay,22.8,1
13,11,PtAuteuil-StGermainLay,30.2,1
13,11,PtAuteuil-Versailles-Cht,33.0,1
13,11,PtChatillon-Versailles-Cht,36.0,1
13,11,StGermainLay-PontNeuilly,21.8,1
13,11,StGermainLay-PtAuteuil,38.8,1
13,11,Versailles-Cht-PtAuteuil,33.2,1
13,11,Versailles-Cht-PtChatillon,41.0,1
13,12,PontNeuilly-StGermainLay,23.5,1
13,12,PtAuteuil-StGermainLay,34.0,1
13,12,PtAuteuil-Versailles-Cht,34.0,1
13,12,PtChatillon-Versailles-Cht,37.5,1
13,12,StGermainLay-PontNeuilly,19.5,1
13,12,StGermainLay-PtAuteuil,36.0,1
13,12,Versailles-Cht-PtAuteuil,32.0,1
13,12,Versailles-Cht-PtChatillon,42.5,1
13,13,PontNeuilly-StGermainLay,23.2,1
13,13,PtAuteuil-StGermainLay,34.8,1
13,13,PtAuteuil-Versailles-Cht,34.0,1
13,13,PtChatillon-Versailles-Cht,38.2,1
13,13,StGermainLay-PontNeuilly,19.0,1
13,13,StGermainLay-PtAuteuil,33.2,1
13,13,Versailles-Cht-PtAuteuil,29.8,1
13,13,Versailles-Cht-PtChatillon,42.0,1
13,14,PontNeuilly-StGermainLay,23.5,1
13,14,PtAuteuil-StGermainLay,35.0,1
13,14,PtAuteuil-Versailles-Cht,35.2,1
13,14,PtChatillon-Versailles-Cht,40.2,1
13,14,StGermainLay-PontNeuilly,18.8,1
13,14,StGermainLay-PtAuteuil,32.8,1
13,14,Versailles-Cht-PtAuteuil,29.5,1
13,14,Versailles-Cht-PtChatillon,42.8,1
13,15,PontNeuilly-StGermainLay,24.8,1
13,15,PtAuteuil-StGermainLay,36.0,1
13,15,PtAuteuil-Versailles-Cht,37.0,1
13,15,PtChatillon-Versailles-Cht,42.5,1
13,15,StGermainLay-PontNeuilly,18.8,1
13,15,StGermainLay-PtAuteuil,33.8,1
13,15,Versailles-Cht-PtAuteuil,30.8,1
13,15,Versailles-Cht-PtChatillon,46.5,1
13,16,PontNeuilly-StGermainLay,29.0,2
13,16,PtAuteuil-StGermainLay,41.8,2
13,16,PtAuteuil-Versailles-Cht,37.8,2
13,16,PtChatillon-Versailles-Cht,43.0,2
13,16,StGermainLay-PontNeuilly,19.5,2
13,16,StGermainLay-PtAuteuil,35.5,2
13,16,Versailles-Cht-PtAuteuil,32.5,2
13,16,Versailles-Cht-PtChatillon,51.5,2
13,17,PontNeuilly-StGermainLay,37.0,2
13,17,PtAuteuil-StGermainLay,51.5,2
13,17,PtAuteuil-Versailles-Cht,44.5,2
13,17,PtChatillon-Versailles-Cht,49.0,2
13,17,StGermainLay-PontNeuilly,20.8,2
13,17,StGermainLay-PtAuteuil,37.8,2
13,17,Versailles-Cht-PtAuteuil,34.2,2
13,17,Versailles-Cht-PtChatillon,57.2,2
13,18,PontNeuilly-StGermainLay,35.8,2
13,18,PtAuteuil-StGermainLay,52.5,2
13,18,PtAuteuil-Versailles-Cht,46.0,2
13,18,PtChatillon-Versailles-Cht,50.2,2
13,18,StGermainLay-PontNeuilly,20.5,2
13,18,StGermainLay-PtAuteuil,38.5,2
13,18,Versailles-Cht-PtAuteuil,35.0,2
13,18,Versailles-Cht-PtChatillon,55.5,2
13,19,PontNeuilly-StGermainLay,31.5,2
13,19,PtAuteuil-StGermainLay,40.5,2
13,19,PtAuteuil-Versailles-Cht,39.0,2
13,19,PtChatillon-Versailles-Cht,43.5,2
13,19,StGermainLay-PontNeuilly,18.8,2
13,19,StGermainLay-PtAuteuil,35.5,2
13,19,Versailles-Cht-PtAuteuil,30.8,2
13,19,Versailles-Cht-PtChatillon,48.0,2
13,20,PontNeuilly-StGermainLay,21.8,-1
13,20,PtAuteuil-StGermainLay,30.8,-1
13,20,PtAuteuil-Versailles-Cht,32.0,-1
13,20,PtChatillon-Versailles-Cht,34.5,-1
13,20,StGermainLay-PontNeuilly,18.0,-1
13,20,StGermainLay-PtAuteuil,31.0,-1
13,20,Versailles-Cht-PtAuteuil,27.0,-1
13,20,Versailles-Cht-PtChatillon,34.2,-1
13,21,PontNeuilly-StGermainLay,19.8,-1
13,21,PtAuteuil-StGermainLay,27.0,-1
13,21,PtAuteuil-Versailles-Cht,29.0,-1
13,21,PtChatillon-Versailles-Cht,32.8,-1
13,21,StGermainLay-PontNeuilly,18.0,-1
13,21,StGermainLay-PtAuteuil,30.0,-1
13,21,Versailles-Cht-PtAuteuil,26.0,-1
13,21,Versailles-Cht-PtChatillon,31.2,-1
14,6,PontNeuilly-StGermainLay,19.5,0
14,6,PtAuteuil-StGermainLay,26.0,0
14,6,PtAuteuil-Versailles-Cht,27.0,0
14,6,PtChatillon-Versailles-Cht,30.0,0
14,6,StGermainLay-PontNeuilly,18.2,0
14,6,StGermainLay-PtAuteuil,32.0,0
14,6,Versailles-Cht-PtAuteuil,26.8,0
14,6,Versailles-Cht-PtChatillon,32.8,0
14,7,PontNeuilly-StGermainLay,24.8,0
14,7,PtAuteuil-StGermainLay,32.2,0
14,7,PtAuteuil-Versailles-Cht,32.2,0
14,7,PtChatillon-Versailles-Cht,36.8,0
14,7,StGermainLay-PontNeuilly,23.5,0
14,7,StGermainLay-PtAuteuil,42.2,0
14,7,Versailles-Cht-PtAuteuil,33.5,0
14,7,Versailles-Cht-PtChatillon,46.8,0
14,8,PontNeuilly-StGermainLay,27.0,0
14,8,PtAuteuil-StGermainLay,36.5,0
14,8,PtAuteuil-Versailles-Cht,35.5,0
14,8,PtChatillon-Versailles-Cht,40.0,0
14,8,StGermainLay-PontNeuilly,22.8,0
14,8,StGermainLay-PtAuteuil,40.8,0
14,8,Versailles-Cht-PtAuteuil,39.0,0
14,8,Versailles-Cht-PtChatillon,53.2,0
14,9,PontNeuilly-StGermainLay,25.2,0
14,9,PtAuteuil-StGermainLay,35.5,0
14,9,PtAuteuil-Versailles-Cht,33.8,0
14,9,PtChatillon-Versailles-Cht,38.0,0
14,9,StGermainLay-PontNeuilly,19.8,0
14,9,StGermainLay-PtAuteuil,36.2,0
14,9,Versailles-Cht-PtAuteuil,32.5,0
14,9,Versailles-Cht-PtChatillon,41.0,0
14,10,PontNeuilly-StGermainLay,23.8,1
14,10,PtAuteuil-StGermainLay,34.2,1
14,10,PtAuteuil-Versailles-Cht,33.5,1
14,10,PtChatillon-Versailles-Cht,37.0,1
14,10,StGermainLay-PontNeuilly,19.0,1
14,10,StGermainLay-PtAuteuil,34.2,1
14,10,Versailles-Cht-PtAuteuil,31.2,1
14,10,Versailles-Cht-PtChatillon,43.0,1
14,11,PontNeuilly-StGermainLay,22.5,1
14,11,PtAuteuil-StGermainLay,34.8,1
14,11,PtAuteuil-Versailles-Cht,34.0,1
14,11,PtChatillon-Versailles-Cht,38.5,1
14,11,StGermainLay-PontNeuilly,19.0,1
14,11,StGermainLay-PtAuteuil,33.8,1
14,11,Versailles-Cht-PtAuteuil,30.8,1
14,11,Versailles-Cht-PtChatillon,41.8,1
14,12,PontNeuilly-StGermainLay,23.8,1
14,12,PtAuteuil-StGermainLay,35.5,1
14,12,PtAuteuil-Versailles-Cht,35.2,1
14,12,PtChatillon-Versailles-Cht,39.2,1
14,12,StGermainLay-PontNeuilly,19.5,1
14,12,StGermainLay-PtAuteuil,33.8,1
14,12,Versailles-Cht-PtAuteuil,32.5,1
14,12,Versailles-Cht-PtChatillon,43.2,1
14,13,PontNeuilly-StGermainLay,23.2,1
14,13,PtAuteuil-StGermainLay,37.2,1
14,13,PtAuteuil-Versailles-Cht,36.0,1
14,13,PtChatillon-Versailles-Cht,38.8,1
14,13,StGermainLay-PontNeuilly,18.5,1
14,13,StGermainLay-PtAuteuil,32.2,1
14,13,Versailles-Cht-PtAuteuil,31.0,1
14,13,Versailles-Cht-PtChatillon,44.8,1
14,14,PontNeuilly-StGermainLay,24.5,1
14,14,PtAuteuil-StGermainLay,36.5,1
14,14,PtAuteuil-Versailles-Cht,36.0,1
14,14,PtChatillon-Versailles-Cht,39.8,1
14,14,StGermainLay-PontNeuilly,18.5,1
14,14,StGermainLay-PtAuteuil,32.5,1
14,14,Versailles-Cht-PtAuteuil,32.2,1
14,14,Versailles-Cht-PtChatillon,44.5,1
14,15,PontNeuilly-StGermainLay,28.0,1
14,15,PtAuteuil-StGermainLay,41.5,1
14,15,PtAuteuil-Versailles-Cht,38.5,1
14,15,PtChatillon-Versailles-Cht,41.8,1
14,15,StGermainLay-PontNeuilly,19.5,1
14,15,StGermainLay-PtAuteuil,34.5,1
14,15,Versailles-Cht-PtAuteuil,33.5,1
14,15,Versailles-Cht-PtChatillon,50.0,1
14,16,PontNeuilly-StGermainLay,34.2,2
14,16,PtAuteuil-StGermainLay,50.0,2
14,16,PtAuteuil-Versailles-Cht,43.2,2
14,16,PtChatillon-Versailles-Cht,48.8,2
14,16,StGermainLay-PontNeuilly,20.2,2
14,16,StGermainLay-PtAuteuil,34.8,2
14,16,Versailles-Cht-PtAuteuil,33.8,2
14,16,Versailles-Cht-PtChatillon,52.8,2
14,17,PontNeuilly-StGermainLay,41.2,2
14,17,PtAuteuil-StGermainLay,52.8,2
14,17,PtAuteuil-Versailles-Cht,46.0,2
14,17,PtChatillon-Versailles-Cht,50.5,2
14,17,StGermainLay-PontNeuilly,20.5,2
14,17,StGermainLay-PtAuteuil,36.5,2
14,17,Versailles-Cht-PtAuteuil,36.2,2
14,17,Versailles-Cht-PtChatillon,57.5,2
14,18,PontNeuilly-StGermainLay,43.5,2
14,18,PtAuteuil-StGermainLay,57.5,2
14,18,PtAuteuil-Versailles-Cht,48.5,2
14,18,PtChatillon-Versailles-Cht,48.5,2
14,18,StGermainLay-PontNeuilly,20.0,2
14,18,StGermainLay-PtAuteuil,37.0,2
14,18,Versailles-Cht-PtAuteuil,37.2,2
14,18,Versailles-Cht-PtChatillon,53.0,2
14,19,PontNeuilly-StGermainLay,36.0,2
14,19,PtAuteuil-StGermainLay,45.0,2
14,19,PtAuteuil-Versailles-Cht,43.8,2
14,19,PtChatillon-Versailles-Cht,43.5,2
14,19,StGermainLay-PontNeuilly,19.5,2
14,19,StGermainLay-PtAuteuil,35.2,2
14,19,Versailles-Cht-PtAuteuil,31.5,2
14,19,Versailles-Cht-PtChatillon,46.0,2
14,20,PontNeuilly-StGermainLay,25.2,-1
14,20,PtAuteuil-StGermainLay,37.8,-1
14,20,PtAuteuil-Versailles-Cht,34.0,-1
14,20,PtChatillon-Versailles-Cht,37.8,-1
14,20,StGermainLay-PontNeuilly,18.2,-1
14,20,StGermainLay-PtAuteuil,30.5,-1
14,20,Versailles-Cht-PtAuteuil,29.0,-1
14,20,Versailles-Cht-PtChatillon,38.8,-1
14,21,PontNeuilly-StGermainLay,20.5,-1
14,21,PtAuteuil-StGermainLay,28.0,-1
14,21,PtAuteuil-Versailles-Cht,29.2,-1
14,21,PtChatillon-Versailles-Cht,33.0,-1
14,21,StGermainLay-PontNeuilly,18.0,-1
14,21,StGermainLay-PtAuteuil,29.5,-1
14,21,Versailles-Cht-PtAuteuil,28.0,-1
14,21,Versailles-Cht-PtChatillon,34.2,-1
15,6,PontNeuilly-StGermainLay,18.8,0
15,6,PtAuteuil-StGermainLay,24.0,0
15,6,PtAuteuil-Versailles-Cht,24.8,0
15,6,PtChatillon-Versailles-Cht,27.2,0
15,6,StGermainLay-PontNeuilly,16.0,0
15,6,StGermainLay-PtAuteuil,23.5,0
15,6,Versailles-Cht-PtAuteuil,18.5,0
15,6,Versailles-Cht-PtChatillon,23.2,0
15,7,PontNeuilly-StGermainLay,19.5,0
15,7,PtAuteuil-StGermainLay,25.2,0
15,7,PtAuteuil-Versailles-Cht,27.0,0
15,7,PtChatillon-Versailles-Cht,29.2,0
15,7,StGermainLay-PontNeuilly,16.5,0
15,7,StGermainLay-PtAuteuil,26.2,0
15,7,Versailles-Cht-PtAuteuil,21.0,0
15,7,Versailles-Cht-PtChatillon,24.8,0
15,8,PontNeuilly-StGermainLay,20.5,0
15,8,PtAuteuil-StGermainLay,27.0,0
15,8,PtAuteuil-Versailles-Cht,28.2,0
15,8,PtChatillon-Versailles-Cht,31.2,0
15,8,StGermainLay-PontNeuilly,17.5,0
15,8,StGermainLay-PtAuteuil,29.2,0
15,8,Versailles-Cht-PtAuteuil,24.2,0
15,8,Versailles-Cht-PtChatillon,29.5,0
15,9,PontNeuilly-StGermainLay,21.2,0
15,9,PtAuteuil-StGermainLay,29.0,0
15,9,PtAuteuil-Versailles-Cht,30.8,0
15,9,PtChatillon-Versailles-Cht,33.8,0
15,9,StGermainLay-PontNeuilly,17.8,0
15,9,StGermainLay-PtAuteuil,30.8,0
15,9,Versailles-Cht-PtAuteuil,27.2,0
15,9,Versailles-Cht-PtChatillon,35.0,0
15,10,PontNeuilly-StGermainLay,21.8,1
15,10,PtAuteuil-StGermainLay,33.0,1
15,10,PtAuteuil-Versailles-Cht,34.0,1
15,10,PtChatillon-Versailles-Cht,38.8,1
15,10,StGermainLay-PontNeuilly,18.8,1
15,10,StGermainLay-PtAuteuil,32.0,1
15,10,Versailles-Cht-PtAuteuil,29.2,1
15,10,Versailles-Cht-PtChatillon,38.0,1
15,11,PontNeuilly-StGermainLay,25.0,1
15,11,PtAuteuil-StGermainLay,38.0,1
15,11,PtAuteuil-Versailles-Cht,35.0,1
15,11,PtChatillon-Versailles-Cht,41.0,1
15,11,StGermainLay-PontNeuilly,19.8,1
15,11,StGermainLay-PtAuteuil,33.8,1
15,11,Versailles-Cht-PtAuteuil,31.0,1
15,11,Versailles-Cht-PtChatillon,40.2,1
15,12,PontNeuilly-StGermainLay,25.5,1
15,12,PtAuteuil-StGermainLay,38.0,1
15,12,PtAuteuil-Versailles-Cht,35.0,1
15,12,PtChatillon-Versailles-Cht,41.0,1
15,12,StGermainLay-PontNeuilly,19.8,1
15,12,StGermainLay-PtAuteuil,33.8,1
15,12,Versailles-Cht-PtAuteuil,31.5,1
15,12,Versailles-Cht-PtChatillon,42.5,1
15,13,PontNeuilly-StGermainLay,24.5,1
15,13,PtAuteuil-StGermainLay,35.5,1
15,13,PtAuteuil-Versailles-Cht,34.5,1
15,13,PtChatillon-Versailles-Cht,39.8,1
15,13,StGermainLay-PontNeuilly,19.0,1
15,13,StGermainLay-PtAuteuil,32.2,1
15,13,Versailles-Cht-PtAuteuil,31.0,1
15,13,Versailles-Cht-PtChatillon,40.0,1
15,14,PontNeuilly-StGermainLay,23.8,1
15,14,PtAuteuil-StGermainLay,34.8,1
15,14,PtAuteuil-Versailles-Cht,33.8,1
15,14,PtChatillon-Versailles-Cht,37.8,1
15,14,StGermainLay-PontNeuilly,19.0,1
15,14,StGermainLay-PtAuteuil,32.8,1
15,14,Versailles-Cht-PtAuteuil,29.8,1
15,14,Versailles-Cht-PtChatillon,39.5,1
15,15,PontNeuilly-StGermainLay,24.8,1
15,15,PtAuteuil-StGermainLay,35.5,1
15,15,PtAuteuil-Versailles-Cht,32.8,1
15,15,PtChatillon-Versailles-Cht,39.0,1
15,15,StGermainLay-PontNeuilly,20.0,1
15,15,StGermainLay-PtAuteuil,35.2,1
15,15,Versailles-Cht-PtAuteuil,31.8,1
15,15,Versailles-Cht-PtChatillon,42.2,1
15,16,PontNeuilly-StGermainLay,25.5,2
15,16,PtAuteuil-StGermainLay,36.2,2
15,16,PtAuteuil-Versailles-Cht,33.8,2
15,16,PtChatillon-Versailles-Cht,37.2,2
15,16,StGermainLay-PontNeuilly,20.0,2
15,16,StGermainLay-PtAuteuil,36.0,2
15,16,Versailles-Cht-PtAuteuil,33.2,2
15,16,Versailles-Cht-PtChatillon,43.2,2
15,17,PontNeuilly-StGermainLay,25.0,2
15,17,PtAuteuil-StGermainLay,35.0,2
15,17,PtAuteuil-Versailles-Cht,34.2,2
15,17,PtChatillon-Versailles-Cht,37.2,2
15,17,StGermainLay-PontNeuilly,20.8,2
15,17,StGermainLay-PtAuteuil,36.0,2
15,17,Versailles-Cht-PtAuteuil,32.0,2
15,17,Versailles-Cht-PtChatillon,40.8,2
15,18,PontNeuilly-StGermainLay,23.2,2
15,18,PtAuteuil-StGermainLay,35.0,2
15,18,PtAuteuil-Versailles-Cht,34.0,2
15,18,PtChatillon-Versailles-Cht,36.8,2
15,18,StGermainLay-PontNeuilly,21.8,2
15,18,StGermainLay-PtAuteuil,38.2,2
15,18,Versailles-Cht-PtAuteuil,34.2,2
15,18,Versailles-Cht-PtChatillon,44.0,2
15,19,PontNeuilly-StGermainLay,23.0,2
15,19,PtAuteuil-StGermainLay,34.8,2
15,19,PtAuteuil-Versailles-Cht,32.8,2
15,19,PtChatillon-Versailles-Cht,38.5,2
15,19,StGermainLay-PontNeuilly,19.5,2
15,19,StGermainLay-PtAuteuil,35.0,2
15,19,Versailles-Cht-PtAuteuil,31.2,2
15,19,Versailles-Cht-PtChatillon,40.8,2
15,20,PontNeuilly-StGermainLay,20.5,-1
15,20,PtAuteuil-StGermainLay,28.0,-1
15,20,PtAuteuil-Versailles-Cht,29.2,-1
15,20,PtChatillon-Versailles-Cht,32.5,-1
15,20,StGermainLay-PontNeuilly,18.5,-1
15,20,StGermainLay-PtAuteuil,30.8,-1
15,20,Versailles-Cht-PtAuteuil,28.5,-1
15,20,Versailles-Cht-PtChatillon,32.2,-1
15,21,PontNeuilly-StGermainLay,19.8,-1
15,21,PtAuteuil-StGermainLay,26.2,-1
15,21,PtAuteuil-Versailles-Cht,27.5,-1
15,21,PtChatillon-Versailles-Cht,31.0,-1
15,21,StGermainLay-PontNeuilly,18.0,-1
15,21,StGermainLay-PtAuteuil,28.2,-1
15,21,Versailles-Cht-PtAuteuil,24.8,-1
15,21,Versailles-Cht-PtChatillon,29.0,-1
16,6,PontNeuilly-StGermainLay,18.8,0
16,6,PtAuteuil-StGermainLay,24.2,0
16,6,PtAuteuil-Versailles-Cht,24.5,0
16,6,PtChatillon-Versailles-Cht,27.0,0
16,6,StGermainLay-PontNeuilly,16.0,0
16,6,StGermainLay-PtAuteuil,24.0,0
16,6,Versailles-Cht-PtAuteuil,19.0,0
16,6,Versailles-Cht-PtChatillon,23.2,0
16,7,PontNeuilly-StGermainLay,19.0,0
16,7,PtAuteuil-StGermainLay,25.0,0
16,7,PtAuteuil-Versailles-Cht,26.0,0
16,7,PtChatillon-Versailles-Cht,28.2,0
16,7,StGermainLay-PontNeuilly,16.2,0
16,7,StGermainLay-PtAuteuil,24.0,0
16,7,Versailles-Cht-PtAuteuil,19.0,0
16,7,Versailles-Cht-PtChatillon,23.5,0
16,8,PontNeuilly-StGermainLay,20.0,0
16,8,PtAuteuil-StGermainLay,26.0,0
16,8,PtAuteuil-Versailles-Cht,27.2,0
16,8,PtChatillon-Versailles-Cht,30.0,0
16,8,StGermainLay-PontNeuilly,17.0,0
16,8,StGermainLay-PtAuteuil,25.2,0
16,8,Versailles-Cht-PtAuteuil,20.8,0
16,8,Versailles-Cht-PtChatillon,25.0,0
16,9,PontNeuilly-StGermainLay,20.2,0
16,9,PtAuteuil-StGermainLay,26.0,0
16,9,PtAuteuil-Versailles-Cht,28.2,0
16,9,PtChatillon-Versailles-Cht,31.5,0
16,9,StGermainLay-PontNeuilly,17.0,0
16,9,StGermainLay-PtAuteuil,28.2,0
16,9,Versailles-Cht-PtAuteuil,25.2,0
16,9,Versailles-Cht-PtChatillon,30.2,0
16,10,PontNeuilly-StGermainLay,20.8,1
16,10,PtAuteuil-StGermainLay,32.0,1
16,10,PtAuteuil-Versailles-Cht,29.2,1
16,10,PtChatillon-Versailles-Cht,32.2,1
16,10,StGermainLay-PontNeuilly,18.0,1
16,10,StGermainLay-PtAuteuil,30.2,1
16,10,Versailles-Cht-PtAuteuil,27.0,1
16,10,Versailles-Cht-PtChatillon,33.0,1
16,11,PontNeuilly-StGermainLay,21.0,1
16,11,PtAuteuil-StGermainLay,33.5,1
16,11,PtAuteuil-Versailles-Cht,31.5,1
16,11,PtChatillon-Versailles-Cht,35.0,1
16,11,StGermainLay-PontNeuilly,18.2,1
16,11,StGermainLay-PtAuteuil,32.5,1
16,11,Versailles-Cht-PtAuteuil,29.5,1
16,11,Versailles-Cht-PtChatillon,37.8,1
16,12,PontNeuilly-StGermainLay,23.2,1
16,12,PtAuteuil-StGermainLay,35.8,1
16,12,PtAuteuil-Versailles-Cht,31.8,1
16,12,PtChatillon-Versailles-Cht,36.0,1
16,12,StGermainLay-PontNeuilly,18.5,1
16,12,StGermainLay-PtAuteuil,34.0,1
16,12,Versailles-Cht-PtAuteuil,34.0,1
16,12,Versailles-Cht-PtChatillon,43.8,1
16,13,PontNeuilly-StGermainLay,21.2,1
16,13,PtAuteuil-StGermainLay,31.2,1
16,13,PtAuteuil-Versailles-Cht,30.8,1
16,13,PtChatillon-Versailles-Cht,35.2,1
16,13,StGermainLay-PontNeuilly,18.0,1
16,13,StGermainLay-PtAuteuil,31.5,1
16,13,Versailles-Cht-PtAuteuil,32.8,1
16,13,Versailles-Cht-PtChatillon,39.5,1
16,14,PontNeuilly-StGermainLay,20.8,1
16,14,PtAuteuil-StGermainLay,28.5,1
16,14,PtAuteuil-Versailles-Cht,29.5,1
16,14,PtChatillon-Versailles-Cht,34.5,1
16,14,StGermainLay-PontNeuilly,17.8,1
16,14,StGermainLay-PtAuteuil,31.2,1
16,14,Versailles-Cht-PtAuteuil,29.8,1
16,14,Versailles-Cht-PtChatillon,37.0,1
16,15,PontNeuilly-StGermainLay,21.0,1
16,15,PtAuteuil-StGermainLay,31.2,1
16,15,PtAuteuil-Versailles-Cht,30.2,1
16,15,PtChatillon-Versailles-Cht,35.2,1
16,15,StGermainLay-PontNeuilly,18.5,1
16,15,StGermainLay-PtAuteuil,33.8,1
16,15,Versailles-Cht-PtAuteuil,34.0,1
16,15,Versailles-Cht-PtChatillon,42.2,1
16,16,PontNeuilly-StGermainLay,22.0,2
16,16,PtAuteuil-StGermainLay,30.8,2
16,16,PtAuteuil-Versailles-Cht,31.8,2
16,16,PtChatillon-Versailles-Cht,35.5,2
16,16,StGermainLay-PontNeuilly,20.0,2
16,16,StGermainLay-PtAuteuil,38.0,2
16,16,Versailles-Cht-PtAuteuil,35.0,2
16,16,Versailles-Cht-PtChatillon,41.2,2
16,17,PontNeuilly-StGermainLay,22.2,2
16,17,PtAuteuil-StGermainLay,31.5,2
16,17,PtAuteuil-Versailles-Cht,30.8,2
16,17,PtChatillon-Versailles-Cht,35.0,2
16,17,StGermainLay-PontNeuilly,21.2,2
16,17,StGermainLay-PtAuteuil,40.0,2
16,17,Versailles-Cht-PtAuteuil,36.0,2
16,17,Versailles-Cht-PtChatillon,47.0,2
16,18,PontNeuilly-StGermainLay,23.5,2
16,18,PtAuteuil-StGermainLay,33.5,2
16,18,PtAuteuil-Versailles-Cht,31.5,2
16,18,PtChatillon-Versailles-Cht,35.0,2
16,18,StGermainLay-PontNeuilly,23.0,2
16,18,StGermainLay-PtAuteuil,40.8,2
16,18,Versailles-Cht-PtAuteuil,36.5,2
16,18,Versailles-Cht-PtChatillon,44.5,2
16,19,PontNeuilly-StGermainLay,21.5,2
16,19,PtAuteuil-StGermainLay,30.5,2
16,19,PtAuteuil-Versailles-Cht,30.0,2
16,19,PtChatillon-Versailles-Cht,35.2,2
16,19,StGermainLay-PontNeuilly,20.5,2
16,19,StGermainLay-PtAuteuil,37.5,2
16,19,Versailles-Cht-PtAuteuil,35.0,2
16,19,Versailles-Cht-PtChatillon,40.5,2
16,20,PontNeuilly-StGermainLay,20.8,-1
16,20,PtAuteuil-StGermainLay,29.5,-1
16,20,PtAuteuil-Versailles-Cht,28.2,-1
16,20,PtChatillon-Versailles-Cht,32.2,-1
16,20,StGermainLay-PontNeuilly,19.8,-1
16,20,StGermainLay-PtAuteuil,35.2,-1
16,20,Versailles-Cht-PtAuteuil,30.2,-1
16,20,Versailles-Cht-PtChatillon,35.0,-1
16,21,PontNeuilly-StGermainLay,20.0,-1
16,21,PtAuteuil-StGermainLay,26.5,-1
16,21,PtAuteuil-Versailles-Cht,27.0,-1
16,21,PtChatillon-Versailles-Cht,32.0,-1
16,21,StGermainLay-PontNeuilly,17.5,-1
16,21,StGermainLay-PtAuteuil,30.8,-1
16,21,Versailles-Cht-PtAuteuil,29.5,-1
16,21,Versailles-Cht-PtChatillon,35.5,-1
17,6,PontNeuilly-StGermainLay,19.8,0
17,6,PtAuteuil-StGermainLay,25.8,0
17,6,PtAuteuil-Versailles-Cht,27.0,0
17,6,PtChatillon-Versailles-Cht,29.8,0
17,6,StGermainLay-PontNeuilly,19.2,0
17,6,StGermainLay-PtAuteuil,35.0,0
17,6,Versailles-Cht-PtAuteuil,27.2,0
17,6,Versailles-Cht-PtChatillon,33.2,0
17,7,PontNeuilly-StGermainLay,24.5,0
17,7,PtAuteuil-StGermainLay,33.5,0
17,7,PtAuteuil-Versailles-Cht,32.8,0
17,7,PtChatillon-Versailles-Cht,39.0,0
17,7,StGermainLay-PontNeuilly,28.8,0
17,7,StGermainLay-PtAuteuil,50.2,0
17,7,Versailles-Cht-PtAuteuil,36.0,0
17,7,Versailles-Cht-PtChatillon,52.8,0
17,8,PontNeuilly-StGermainLay,32.2,0
17,8,PtAuteuil-StGermainLay,43.2,0
17,8,PtAuteuil-Versailles-Cht,37.0,0
17,8,PtChatillon-Versailles-Cht,43.8,0
17,8,StGermainLay-PontNeuilly,29.2,0
17,8,StGermainLay-PtAuteuil,51.8,0
17,8,Versailles-Cht-PtAuteuil,42.0,0
17,8,Versailles-Cht-PtChatillon,58.5,0
17,9,PontNeuilly-StGermainLay,28.8,0
17,9,PtAuteuil-StGermainLay,39.2,0
17,9,PtAuteuil-Versailles-Cht,34.0,0
17,9,PtChatillon-Versailles-Cht,41.5,0
17,9,StGermainLay-PontNeuilly,25.0,0
17,9,StGermainLay-PtAuteuil,44.5,0
17,9,Versailles-Cht-PtAuteuil,33.8,0
17,9,Versailles-Cht-PtChatillon,44.5,0
17,10,PontNeuilly-StGermainLay,21.8,1
17,10,PtAuteuil-StGermainLay,29.8,1
17,10,PtAuteuil-Versailles-Cht,30.2,1
17,10,PtChatillon-Versailles-Cht,36.8,1
17,10,StGermainLay-PontNeuilly,22.5,1
17,10,StGermainLay-PtAuteuil,37.0,1
17,10,Versailles-Cht-PtAuteuil,30.0,1
17,10,Versailles-Cht-PtChatillon,37.2,1
17,11,PontNeuilly-StGermainLay,22.2,1
17,11,PtAuteuil-StGermainLay,30.5,1
17,11,PtAuteuil-Versailles-Cht,30.8,1
17,11,PtChatillon-Versailles-Cht,35.2,1
17,11,StGermainLay-PontNeuilly,18.8,1
17,11,StGermainLay-PtAuteuil,35.0,1
17,11,Versailles-Cht-PtAuteuil,31.0,1
17,11,Versailles-Cht-PtChatillon,38.0,1
17,12,PontNeuilly-StGermainLay,22.0,1
17,12,PtAuteuil-StGermainLay,31.8,1
17,12,PtAuteuil-Versailles-Cht,30.8,1
17,12,PtChatillon-Versailles-Cht,35.8,1
17,12,StGermainLay-PontNeuilly,18.0,1
17,12,StGermainLay-PtAuteuil,32.5,1
17,12,Versailles-Cht-PtAuteuil,29.5,1
17,12,Versailles-Cht-PtChatillon,39.2,1
17,13,PontNeuilly-StGermainLay,21.5,1
17,13,PtAuteuil-StGermainLay,31.5,1
17,13,PtAuteuil-Versailles-Cht,32.0,1
17,13,PtChatillon-Versailles-Cht,35.8,1
17,13,StGermainLay-PontNeuilly,18.0,1
17,13,StGermainLay-PtAuteuil,32.0,1
17,13,Versailles-Cht-PtAuteuil,28.2,1
17,13,Versailles-Cht-PtChatillon,39.5,1
17,14,PontNeuilly-StGermainLay,22.0,1
17,14,PtAuteuil-StGermainLay,34.0,1
17,14,PtAuteuil-Versailles-Cht,31.8,1
17,14,PtChatillon-Versailles-Cht,36.0,1
17,14,StGermainLay-PontNeuilly,18.0,1
17,14,StGermainLay-PtAuteuil,32.5,1
17,14,Versailles-Cht-PtAuteuil,29.5,1
17,14,Versailles-Cht-PtChatillon,43.5,1
17,15,PontNeuilly-StGermainLay,22.8,1
17,15,PtAuteuil-StGermainLay,32.0,1
17,15,PtAuteuil-Versailles-Cht,34.0,1
17,15,PtChatillon-Versailles-Cht,36.5,1
17,15,StGermainLay-PontNeuilly,18.2,1
17,15,StGermainLay-PtAuteuil,32.0,1
17,15,Versailles-Cht-PtAuteuil,29.0,1
17,15,Versailles-Cht-PtChatillon,43.2,1
17,16,PontNeuilly-StGermainLay,27.2,2
17,16,PtAuteuil-StGermainLay,40.5,2
17,16,PtAuteuil-Versailles-Cht,38.2,2
17,16,PtChatillon-Versailles-Cht,41.0,2
17,16,StGermainLay-PontNeuilly,19.0,2
17,16,StGermainLay-PtAuteuil,33.0,2
17,16,Versailles-Cht-PtAuteuil,30.2,2
17,16,Versailles-Cht-PtChatillon,47.8,2
17,17,PontNeuilly-StGermainLay,33.8,2
17,17,PtAuteuil-StGermainLay,49.0,2
17,17,PtAuteuil-Versailles-Cht,41.5,2
17,17,PtChatillon-Versailles-Cht,49.0,2
17,17,StGermainLay-PontNeuilly,19.8,2
17,17,StGermainLay-PtAuteuil,36.5,2
17,17,Versailles-Cht-PtAuteuil,31.8,2
17,17,Versailles-Cht-PtChatillon,51.8,2
17,18,PontNeuilly-StGermainLay,34.5,2
17,18,PtAuteuil-StGermainLay,52.2,2
17,18,PtAuteuil-Versailles-Cht,43.0,2
17,18,PtChatillon-Versailles-Cht,45.8,2
17,18,StGermainLay-PontNeuilly,19.5,2
17,18,StGermainLay-PtAuteuil,35.2,2
17,18,Versailles-Cht-PtAuteuil,31.8,2
17,18,Versailles-Cht-PtChatillon,47.0,2
17,19,PontNeuilly-StGermainLay,31.8,2
17,19,PtAuteuil-StGermainLay,40.0,2
17,19,PtAuteuil-Versailles-Cht,35.8,2
17,19,PtChatillon-Versailles-Cht,38.5,2
17,19,StGermainLay-PontNeuilly,18.2,2
17,19,StGermainLay-PtAuteuil,32.0,2
17,19,Versailles-Cht-PtAuteuil,29.0,2
17,19,Versailles-Cht-PtChatillon,39.5,2
17,20,PontNeuilly-StGermainLay,20.2,-1
17,20,PtAuteuil-StGermainLay,26.8,-1
17,20,PtAuteuil-Versailles-Cht,29.2,-1
17,20,PtChatillon-Versailles-Cht,32.2,-1
17,20,StGermainLay-PontNeuilly,17.2,-1
17,20,StGermainLay-PtAuteuil,29.2,-1
17,20,Versailles-Cht-PtAuteuil,27.0,-1
17,20,Versailles-Cht-PtChatillon,32.5,-1
17,21,PontNeuilly-StGermainLay,20.8,-1
17,21,PtAuteuil-StGermainLay,27.0,-1
17,21,PtAuteuil-Versailles-Cht,26.2,-1
17,21,PtChatillon-Versailles-Cht,28.8,-1
17,21,StGermainLay-PontNeuilly,17.0,-1
17,21,StGermainLay-PtAuteuil,28.8,-1
17,21,Versailles-Cht-PtAuteuil,24.2,-1
17,21,Versailles-Cht-PtChatillon,29.8,-1
